review_bucket,count,planned_stage,reviewer_roles,default_action
HOLD_EXCLUDED_DO_NOT_IMPORT,2,hold_no_import,senior_knowledge_approver;knowledge_admin,hold_do_not_import
P1_LEGAL_PRIMARY_REFERENCE_REVIEW,35,stage_01_reference_documents_in_review,legal_reviewer;senior_knowledge_approver;knowledge_admin,import_to_reference_documents_as_in_review_only_after_operator_apply
P2_FIQH_AUTHORITY_REVIEW,2,stage_02_reference_documents_in_review_after_p1,fiqh_reviewer;senior_knowledge_approver;knowledge_admin,import_to_reference_documents_as_in_review_only_after_operator_apply
P2_MINISTRY_ADMINISTRATIVE_REVIEW,14,stage_02_reference_documents_in_review_after_p1,ministry_domain_owner;knowledge_admin;senior_knowledge_approver,import_to_reference_documents_as_in_review_only_after_operator_apply
P2_OFFICIAL_REFERENCE_REVIEW,4,stage_02_reference_documents_in_review_after_p1,domain_reviewer;knowledge_admin;senior_knowledge_approver,import_to_reference_documents_as_in_review_only_after_operator_apply
P3_HISTORICAL_SUPPORTING_REVIEW,5,stage_03_reference_documents_in_review_supporting_only,historical_reviewer;knowledge_admin,import_to_reference_documents_as_in_review_only_after_operator_apply
P3_SUPPORTING_REFERENCE_REVIEW,17,stage_03_reference_documents_in_review_supporting_only,domain_reviewer;knowledge_admin,import_to_reference_documents_as_in_review_only_after_operator_apply
P4_PUBLIC_WEB_TRIAGE_REQUIRED,1,stage_04_triage_only_no_import,knowledge_admin;source_verification_reviewer,triage_only_no_import
P4_TRIAGE_REQUIRED,58,stage_04_triage_only_no_import,knowledge_admin;triage_reviewer,triage_only_no_import
