page_file,component,routes,area,api_refs,has_mutation_or_submit,placeholder_risk,static_audit_status
client/src/pages/AIToolRuns.tsx,AIToolRuns,,public,16,True,True,unrouted_or_component_only
client/src/pages/AITools.tsx,AITools,,public,4,False,False,unrouted_or_component_only
client/src/pages/AboutUs.tsx,AboutUs,/about,public,0,False,True,static_placeholder_risk
client/src/pages/AdminActivity.tsx,AdminActivity,,public,3,True,False,unrouted_or_component_only
client/src/pages/AdminContent.tsx,AdminContent,,public,12,True,True,unrouted_or_component_only
client/src/pages/AdminDashboard.tsx,AdminDashboard,/admin,admin,10,False,False,has_runtime_contract_static_check_only
client/src/pages/AdminSystemSettings.tsx,AdminSystemSettings,,public,10,True,True,unrouted_or_component_only
client/src/pages/AdminUsers.tsx,AdminUsers,/admin/users-old,admin,8,True,True,mixed_needs_browser_uat
client/src/pages/AdvancedSearch.tsx,AdvancedSearch,/advanced-search,public,4,True,True,mixed_needs_browser_uat
client/src/pages/AnalyticsDashboard.tsx,AnalyticsDashboard,,public,10,False,False,unrouted_or_component_only
client/src/pages/Bookmarks.tsx,Bookmarks,/bookmarks,public,7,True,True,mixed_needs_browser_uat
client/src/pages/CacheAnalytics.tsx,CacheAnalytics,,public,8,True,False,unrouted_or_component_only
client/src/pages/CaseDetails.tsx,CaseDetails,/admin/cases/:id,admin,2,False,False,has_runtime_contract_static_check_only
client/src/pages/CasesManagement.tsx,CasesManagement,,public,11,True,True,unrouted_or_component_only
client/src/pages/Chat.tsx,Chat,/chat,public,22,True,True,mixed_needs_browser_uat
client/src/pages/ClassifyTool.tsx,ClassifyTool,,public,4,True,True,unrouted_or_component_only
client/src/pages/ComingSoon.tsx,ComingSoon,,public,0,False,True,unrouted_or_component_only
client/src/pages/CompareTool.tsx,CompareTool,,public,4,True,True,unrouted_or_component_only
client/src/pages/ComponentShowcase.tsx,ComponentShowcase,,public,2,True,True,unrouted_or_component_only
client/src/pages/ContactUs.tsx,ContactUs,/contact,public,2,True,True,mixed_needs_browser_uat
client/src/pages/Dashboard.tsx,Dashboard,/admin/old-dashboard,admin,2,False,False,has_runtime_contract_static_check_only
client/src/pages/DeedsManagement.tsx,DeedsManagement,,public,11,True,True,unrouted_or_component_only
client/src/pages/DigitalLibrary.tsx,DigitalLibrary,,public,2,False,True,unrouted_or_component_only
client/src/pages/ExportData.tsx,ExportData,/export,public,8,True,False,has_runtime_contract_static_check_only
client/src/pages/ExtractTool.tsx,ExtractTool,,public,4,True,True,unrouted_or_component_only
client/src/pages/FAQs.tsx,FAQs,/faqs,public,6,True,False,has_runtime_contract_static_check_only
client/src/pages/FavoriteConversations.tsx,FavoriteConversations,/favorites,public,5,True,True,mixed_needs_browser_uat
client/src/pages/FetchedContentReview.tsx,FetchedContentReview,,public,44,True,True,unrouted_or_component_only
client/src/pages/FilesManagement.tsx,FilesManagement,,public,11,True,True,unrouted_or_component_only
client/src/pages/Home.tsx,Home,/,public,6,True,True,mixed_needs_browser_uat
client/src/pages/HomeSectionsManagement.tsx,HomeSectionsManagement,,public,13,True,True,unrouted_or_component_only
client/src/pages/InstructionsManagement.tsx,InstructionsManagement,,public,11,True,True,unrouted_or_component_only
client/src/pages/InteractionAnalytics.tsx,InteractionAnalytics,,public,14,False,False,unrouted_or_component_only
client/src/pages/Knowledge.tsx,Knowledge,/knowledge-base | /knowledge,public,4,False,True,mixed_needs_browser_uat
client/src/pages/KnowledgeDetails.tsx,KnowledgeDetails,/knowledge-base/:id | /knowledge/:id,public,4,False,True,mixed_needs_browser_uat
client/src/pages/KnowledgeManagement.tsx,KnowledgeManagement,,public,16,True,True,unrouted_or_component_only
client/src/pages/ManageKnowledge.tsx,ManageKnowledge,,public,13,True,True,unrouted_or_component_only
client/src/pages/ManageKnowledge_old.tsx,ManageKnowledge_old,,public,11,True,True,unrouted_or_component_only
client/src/pages/ManageUsers.tsx,ManageUsers,,public,22,True,True,unrouted_or_component_only
client/src/pages/ManageUsers_Old.tsx,ManageUsers_Old,,public,8,True,True,unrouted_or_component_only
client/src/pages/NotFound.tsx,NotFound,/404,public,0,False,False,static_display_or_missing_backend_risk
client/src/pages/PrecedentsTool.tsx,PrecedentsTool,,public,4,True,True,unrouted_or_component_only
client/src/pages/PredictTool.tsx,PredictTool,,public,4,True,True,unrouted_or_component_only
client/src/pages/PropertiesManagement.tsx,PropertiesManagement,,public,13,True,True,unrouted_or_component_only
client/src/pages/PropertyDetails.tsx,PropertyDetails,/admin/properties/:id,admin,2,False,False,has_runtime_contract_static_check_only
client/src/pages/References.tsx,References,/references,public,2,False,True,mixed_needs_browser_uat
client/src/pages/RulingDetails.tsx,RulingDetails,/admin/rulings/:id,admin,2,False,False,has_runtime_contract_static_check_only
client/src/pages/RulingsManagement.tsx,RulingsManagement,,public,11,True,True,unrouted_or_component_only
client/src/pages/Search.tsx,Search,/search,public,3,True,True,mixed_needs_browser_uat
client/src/pages/SiteSettings.tsx,SiteSettings,,public,5,True,True,unrouted_or_component_only
client/src/pages/Stats.tsx,Stats,/stats,public,2,False,False,has_runtime_contract_static_check_only
client/src/pages/SummarizeTool.tsx,SummarizeTool,,public,4,True,True,unrouted_or_component_only
client/src/pages/ToolsGuide.tsx,ToolsGuide,,public,0,False,False,unrouted_or_component_only
client/src/pages/WaqfAnalytics.tsx,WaqfAnalytics,,public,2,False,False,unrouted_or_component_only
client/src/pages/WaqfCategoriesManagement.tsx,WaqfCategoriesManagement,,public,13,True,True,unrouted_or_component_only
client/src/pages/admin/AdminMustakshifAi.tsx,AdminMustakshifAi,,admin,0,False,True,unrouted_or_component_only
client/src/pages/admin/AdminPagesClassification.tsx,AdminPagesClassification,,admin,2,False,True,unrouted_or_component_only
client/src/pages/admin/AlertsCenter.tsx,AlertsCenter,,admin,46,True,True,unrouted_or_component_only
client/src/pages/admin/ApiKeys.tsx,ApiKeys,,admin,2,False,False,unrouted_or_component_only
client/src/pages/admin/AuditLogs.tsx,AuditLogs,,admin,3,True,False,unrouted_or_component_only
client/src/pages/admin/Backup.tsx,Backup,,admin,5,True,False,unrouted_or_component_only
client/src/pages/admin/Billing.tsx,Billing,/admin/billing,admin,0,False,False,static_display_or_missing_backend_risk
client/src/pages/admin/Cache.tsx,Cache,,admin,3,True,False,unrouted_or_component_only
client/src/pages/admin/CommentsManagement.tsx,CommentsManagement,,admin,11,True,True,unrouted_or_component_only
client/src/pages/admin/ContentTemplates.tsx,ContentTemplates,,admin,16,True,True,unrouted_or_component_only
client/src/pages/admin/DataFetching.tsx,DataFetching,,admin,12,True,True,unrouted_or_component_only
client/src/pages/admin/FetchLogsManagement.tsx,FetchLogsManagement,,admin,7,True,True,unrouted_or_component_only
client/src/pages/admin/Integrations.tsx,Integrations,,admin,3,True,False,unrouted_or_component_only
client/src/pages/admin/KnowledgeDashboard.tsx,KnowledgeDashboard,,admin,6,False,False,unrouted_or_component_only
client/src/pages/admin/KnowledgeSearch.tsx,KnowledgeSearch,,admin,4,True,True,unrouted_or_component_only
client/src/pages/admin/KnowledgeSourcesManagement.tsx,KnowledgeSourcesManagement,,admin,17,True,True,unrouted_or_component_only
client/src/pages/admin/Maintenance.tsx,Maintenance,,admin,3,True,False,unrouted_or_component_only
client/src/pages/admin/MustakshifAiPage.tsx,MustakshifAiPage,,admin,0,False,True,unrouted_or_component_only
client/src/pages/admin/NotificationsManagement.tsx,NotificationsManagement,,admin,8,True,True,unrouted_or_component_only
client/src/pages/admin/PageSettings.tsx,PageSettings,/admin/page-settings,admin,6,True,True,mixed_needs_browser_uat
client/src/pages/admin/Permissions.tsx,Permissions,,admin,9,True,True,unrouted_or_component_only
client/src/pages/admin/PlatformBridgePage.tsx,PlatformBridgePage,,admin,14,False,True,unrouted_or_component_only
client/src/pages/admin/Reports.tsx,Reports,,admin,4,False,False,unrouted_or_component_only
client/src/pages/admin/RolePermissions.tsx,RolePermissions,/admin/role-permissions,admin,11,True,False,has_runtime_contract_static_check_only
client/src/pages/admin/Roles.tsx,Roles,,admin,9,True,True,unrouted_or_component_only
client/src/pages/admin/Security.tsx,Security,,admin,2,False,False,unrouted_or_component_only
client/src/pages/admin/Webhooks.tsx,Webhooks,,admin,3,True,False,unrouted_or_component_only
