registry_key,title,category,source,author,year,type,origin,origin_file,authority_tier_candidate,supabase_intake_status,content_preview
549f582fefcb,سجلات الطابو العثماني - القدس,land_reference,https://example.com/ottoman-jerusalem,الأرشيف العثماني,1890,ottoman_record,old_db_success_land_reference_insert_query,db-query-1767975773406.json,excluded_or_non_authoritative_candidate,discovered_pending_review_not_applied,سجلات الطابو العثمانية التي توثق ملكية الأراضي في منطقة القدس خلال الفترة العثمانية. تحتوي على معلومات تفصيلية عن المالكين والحدود والمساحات.
611cb3c8f1b0,Minimal Test Document,reference,NULL,,,,old_db_select_row,db-query-1767917356953.json,excluded_or_non_authoritative_candidate,discovered_pending_review_not_applied,
8e01286311db,إدارة الأوقاف في عهد الانتداب البريطاني,historical,https://badil.org/publications/al-majdal/issues/items/409.html,,,,old_db_select_row,db-query-1767917356953.json,ministry_or_administrative_candidate,discovered_pending_review_not_applied,
0e5facccad08,نظام ملكية الأراضي في العهد العثماني,reference,https://info.wafa.ps/pages/details/32393,وكالة الأنباء الفلسطينية (وفا),,مقال موسوعي,legacy_source_file,research_data/jerusalem_land_references.json,ministry_or_administrative_candidate,discovered_pending_review_not_applied,مقال شامل يتناول تطور نظام ملكية الأراضي في العهد العثماني. يشرح قانون الأراضي عام 1858، ولائحة تعليمات سندات الطابو عام 1859، ونظام الطابو. يوضح كيفية تسجيل الأراضي وإصدار السندات.
76a27fa90a93,إدارة وتنمية أموال الوقف - ماجد أبو رخية,إداري,,ماجد أبو رخية,2012,,legacy_source_file,new_references.json,ministry_or_administrative_candidate,discovered_pending_review_not_applied,"كتاب 'إدارة وتنمية أموال الوقف' للدكتور ماجد أبو رخية من الكتب العملية المتخصصة في إدارة واستثمار الأوقاف. نُشر الكتاب عام 2012م.

يتناول الكتاب الجوانب الإدارية والاستثمارية للأوقاف بطريقة عملية، ويقدم أدوات ونماذج يمكن تطبيقها في إدارة الأوقاف. يستهدف الكتاب المسؤولين عن إدارة الأوقاف والنظار والعاملين في مؤسسات الأوقاف.

من أهم موضوعات الكتاب:

1. التخطيط الاستراتيجي للأوقاف: تحديد الرؤية والرسالة والأهداف، تحليل البيئة الداخلية والخارجية، وضع الاستراتيجيات، وتحديد مؤشرات الأداء.

2. الهيكل التنظيمي للأوقاف: تصميم الهيكل التنظيمي، تحديد الصلاحيات والمسؤوليات، وإنشاء اللجان المتخصصة.

3. الم"
503e280d679e,الإشراف المعاصر على العقارات الوقفية,إداري,https://www.palestinecabinet.gov.ps/portal/GovService/Details/129,,,,legacy_source_file,research_data/knowledge_base.json,ministry_or_administrative_candidate,discovered_pending_review_not_applied,"تتولى الإدارة العامة للأملاك الوقفية في وزارة الأوقاف والشؤون الدينية الفلسطينية الإشراف على العقارات الوقفية.

الإجراءات الحالية:
1. تلقي الطلبات: طلبات استئجار الأملاك الوقفية
2. الأراضي والعقارات: جميع أنواع الأملاك الوقفية
3. المواطنون والمؤسسات: يمكنهم التقدم بطلبات

الجهة المسؤولة: الإدارة العامة للأملاك الوقفية - وزارة الأوقاف والشؤون الدينية

الهدف: تنظيم استثمار الأملاك الوقفية وضمان استفادة المستحقين منها وفق الأحكام الشرعية والقانونية."
439f0f853ee9,الوقف الإسلامي: تطوره، إدارته، تنميته - منذر قحف,إداري,,منذر قحف,2000,,legacy_source_file,new_references.json,ministry_or_administrative_candidate,discovered_pending_review_not_applied,"كتاب 'الوقف الإسلامي: تطوره، إدارته، تنميته' للدكتور منذر قحف من أهم الدراسات الاقتصادية والإدارية المعاصرة في مجال الأوقاف الإسلامية. يجمع الكتاب بين الفقه الإسلامي والاقتصاد والإدارة.

يتناول الكتاب تاريخ الوقف الإسلامي وتطوره عبر العصور، ودوره الاقتصادي والاجتماعي في المجتمعات الإسلامية. كما يعرض أساليب إدارة الأوقاف التقليدية والحديثة، وطرق تنمية الأوقاف واستثمارها.

من أهم موضوعات الكتاب: الوقف النقدي (وقف الأموال السائلة)، الصكوك الوقفية (أدوات مالية إسلامية للوقف)، الوقف الاستثماري (استثمار أموال الوقف في مشاريع مربحة)، إدارة الأوقاف بطريقة احترافية، والحوكمة في الأوقاف.

يقدم الكتاب نم"
a1d9ff7de15e,تعليمات لجان رعاية المساجد رقم (2) لسنة 2023م,إداري,http://muqtafi.birzeit.edu/pg/getleg.asp?id=18827,,,,legacy_source_file,research_data/knowledge_base.json,ministry_or_administrative_candidate,discovered_pending_review_not_applied,"تعليمات صادرة عن وزارة الأوقاف والشؤون الدينية الفلسطينية لتنظيم عمل لجان رعاية المساجد.

أهداف التعليمات:
1. المحافظة على المساجد وقدسيتها ونظافتها
2. إحياء صلاة الجماعة
3. تحقيق مبدأ تكافؤ الفرص في منح الإكرامية
4. حماية المساجد من التعديات

نطاق التطبيق:
- جميع المساجد في فلسطين
- لجان رعاية المساجد
- الأئمة والمؤذنون"
e6a43e67707f,مهام وزارة الأوقاف والشؤون الدينية الفلسطينية,إداري,https://www.palestinecabinet.gov.ps/portal/OrgStructure/Details/20,,,,legacy_source_file,research_data/knowledge_base.json,ministry_or_administrative_candidate,discovered_pending_review_not_applied,"وزارة الأوقاف والشؤون الدينية هي الجهة الحكومية المسؤولة عن إدارة الأوقاف والشؤون الدينية في فلسطين.

المهام الأساسية:
1. رعاية الأركان الخمس (الشهادتان، الصلاة، الزكاة، الصوم، الحج)
2. رعاية الشؤون الدينية والحفاظ على وسطية المنهج
3. الحفاظ على أملاك الوقف وتنميتها واستثمارها
4. حفظ الموروث الديني والثقافي والارتقاء بالتعليم الشرعي

البرامج الرئيسية:
- برنامج الأركان الخمسة
- برنامج إدارة الأملاك الوقفية
- برنامج التعليم الشرعي والمهني والتراث
- البرنامج الإداري"
fd24d717947c,نظام الأوقاف في التطبيق المعاصر - عبد الله بن ناصر السدحان,إداري,,عبد الله بن ناصر السدحان,2007,,legacy_source_file,new_references.json,ministry_or_administrative_candidate,discovered_pending_review_not_applied,"كتاب 'نظام الأوقاف في التطبيق المعاصر' للدكتور عبد الله بن ناصر السدحان من أهم الدراسات المعاصرة في إدارة الأوقاف الإسلامية. نُشر الكتاب عام 2007م، ويجمع بين الفقه والإدارة والقانون.

يتناول الكتاب النظام القانوني والإداري للأوقاف في العصر الحديث، مع التركيز على التجارب المعاصرة في البلدان الإسلامية. يعرض الكتاب نماذج من أنظمة الأوقاف في: السعودية، الكويت، قطر، الأردن، مصر، تركيا، وماليزيا.

من أهم موضوعات الكتاب:
1. الإطار القانوني للأوقاف: القوانين والأنظمة المنظمة للأوقاف في البلدان الإسلامية.
2. الهيكل التنظيمي لإدارة الأوقاف: الوزارات، الهيئات، الإدارات، والمؤسسات الوقفية.
3. صلاحيات إدار"
a4459c8e000f,إدارة الأوقاف في عهد الانتداب البريطاني,تاريخي,https://badil.org/publications/al-majdal/issues/items/409.html,,,,legacy_source_file,research_data/knowledge_base.json,ministry_or_administrative_candidate,discovered_pending_review_not_applied,"في عهد الانتداب البريطاني على فلسطين، كانت الأوقاف الإسلامية تدار من قبل المجلس الإسلامي الأعلى.

النظام الإداري:
- المجلس الإسلامي الأعلى: أدار الأوقاف الإسلامية
- الكنائس المسيحية: أدارت الأوقاف المسيحية
- السنة: 1937

التحديات:
1. السيطرة البريطانية: محاولات السيطرة على الأوقاف
2. المصادرة: مصادرة بعض الأراضي الوقفية
3. التوثيق: صعوبات في تسجيل الأوقاف

الأهمية: هذه الفترة شهدت محاولات لتنظيم الأوقاف وفق النظام القانوني البريطاني، مع الحفاظ على الطابع الإسلامي للإدارة."
95100ac3c3f4,الأوقاف والسياسة في مصر - إبراهيم البيومي غانم,تاريخي,,إبراهيم البيومي غانم,1998,,legacy_source_file,new_references.json,ministry_or_administrative_candidate,discovered_pending_review_not_applied,"كتاب 'الأوقاف والسياسة في مصر' للدكتور إبراهيم البيومي غانم من الدراسات المهمة التي تتناول العلاقة بين الأوقاف والسلطة السياسية في مصر. نُشر الكتاب عام 1998م.

يتناول الكتاب تاريخ الأوقاف في مصر منذ الفتح الإسلامي حتى نهاية القرن العشرين، مع التركيز على العلاقة بين الأوقاف والدولة. يعرض الكتاب كيف استخدمت الدولة الأوقاف كأداة سياسية، وكيف قاومت الأوقاف محاولات السيطرة عليها.

من أهم موضوعات الكتاب:
1. دور الأوقاف في الاستقلال الاقتصادي للمؤسسات الدينية والتعليمية عن الدولة.
2. محاولات الدولة للسيطرة على الأوقاف عبر التاريخ (الدولة الأيوبية، المملوكية، العثمانية، دولة محمد علي، والدولة الحديثة)"
730f90ef94c7,تاريخ إدارة الأوقاف في فلسطين,تاريخي,https://www.tawaf.ps/,,,,legacy_source_file,research_data/knowledge_base.json,ministry_or_administrative_candidate,discovered_pending_review_not_applied,"مرت إدارة الأوقاف في فلسطين بعدة مراحل تاريخية:

1. عهد الانتداب البريطاني (1921-1948):
- إدارة الأوقاف من قبل المجلس الإسلامي الأعلى
- نظام المجلس الصادر سنة 1921م

2. بعد النكبة (1948-1967):
- إدارة الأوقاف في الضفة الغربية من قبل الأردن
- إدارة الأوقاف في غزة من قبل مصر

3. بعد الاحتلال (1967-1994):
- محاولات إسرائيلية للسيطرة على الأوقاف
- مقاومة فلسطينية للحفاظ على الأوقاف

4. السلطة الوطنية الفلسطينية (1994-الآن):
- إنشاء وزارة الأوقاف والشؤون الدينية
- إصدار قوانين وتعليمات جديدة"
204d6aec31d2,أحكام الوقف في الشريعة الإسلامية - محمد عبيد الكبيسي,فقهي,,محمد عبيد الكبيسي,1977,,legacy_source_file,new_references.json,ministry_or_administrative_candidate,discovered_pending_review_not_applied,"كتاب 'أحكام الوقف في الشريعة الإسلامية' للدكتور محمد عبيد الكبيسي من أهم الدراسات الفقهية المتخصصة في الوقف الإسلامي. نُشر الكتاب عام 1977م، ويُعد مرجعاً أساسياً في مجال الأوقاف.

يتناول الكتاب جميع جوانب الوقف الإسلامي بتفصيل شامل، ويقع في جزأين كبيرين. يعرض الكتاب أحكام الوقف في المذاهب الأربعة مع المقارنة والترجيح، كما يعرض التطبيقات العملية للوقف عبر التاريخ الإسلامي.

يتضمن الكتاب الأبواب التالية: تعريف الوقف ومشروعيته وحكمه، أركان الوقف (الواقف، الموقوف، الموقوف عليه، الصيغة)، شروط الوقف، أنواع الوقف (الخيري والأهلي والمشترك)، آثار الوقف، إدارة الوقف ونظارته، استبدال الوقف، إنهاء الوقف، "
413fcc96ae46,إحياء الوقف المتعطل - الأحكام,فقهي,الفقه الإسلامي - إدارة الأوقاف,,,,legacy_source_file,scripts/additional_references.json,ministry_or_administrative_candidate,discovered_pending_review_not_applied,إذا تعطل الوقف وخرب، فللناظر أو القاضي إحياؤه وتعميره من ريع الوقف أو من بيت المال إن لم يكن للوقف ريع.
a329b239daec,الوقف الإسلامي بين النظرية والتطبيق - حسن عبد الله الأمين,فقهي,,حسن عبد الله الأمين,2009,,legacy_source_file,new_references.json,ministry_or_administrative_candidate,discovered_pending_review_not_applied,"كتاب 'الوقف الإسلامي بين النظرية والتطبيق' للدكتور حسن عبد الله الأمين من الدراسات الشاملة التي تجمع بين الجانب الفقهي والجانب العملي للوقف الإسلامي. نُشر الكتاب عام 2009م.

يتكون الكتاب من قسمين رئيسيين:
القسم الأول: النظرية الفقهية للوقف، ويشمل: تعريف الوقف، مشروعيته، حكمه، أركانه، شروطه، أنواعه، آثاره، وأحكامه في المذاهب الأربعة.
القسم الثاني: التطبيق العملي للوقف، ويشمل: تاريخ الأوقاف في الإسلام، نماذج من الأوقاف التاريخية، إدارة الأوقاف، استثمار الأوقاف، التحديات المعاصرة، والحلول المقترحة.

من أهم ما يميز الكتاب:
1. الجمع بين الفقه والتاريخ والإدارة والاقتصاد في دراسة الوقف.
2. عرض نماذج"
28a683b1ed0d,النظام القانوني للأراضي الأميرية في فلسطين,law,,حسين عاهد العيسه,2016,رسالة أكاديمية,old_db_success_insert_query,db-query-error-1767974642436.json,official_or_legal_primary_candidate,discovered_pending_review_not_applied,دراسة متخصصة في النوع الثاني من أنواع الأراضي في قانون الأراضي العثماني. تعتبر الأراضي الأميرية الأكثر انتشاراً في الأراضي الفلسطينية عبر المراحل التاريخية المختلفة.
812f3d50bc3c,حق التصرف الوارد على الأراضي الأميرية وفقاً للتشريعات النافذة في فلسطين,law,,أنسام عارف جاسر كراكره,2025,رسالة ماجستير,old_db_success_insert_query,db-query-error-1767974642436.json,official_or_legal_primary_candidate,discovered_pending_review_not_applied,دراسة تحليلية مقارنة لحق التصرف الوارد على الأراضي الأميرية، سواء المستمدة من قانون الأراضي العثماني لسنة 1858م، أو القوانين الأردنية المطبقة في الضفة الغربية، أو التشريعات الصادرة عن السلطة الوطنية الفلسطينية.
a6c95a9cbd11,ديار بئر السبع: جنوب فلسطين العثماني - الأرض والمجتمع والدولة,law,,أحمد أمارة,2024,كتاب أكاديمي,old_db_success_insert_query,db-query-error-1767974642436.json,official_or_legal_primary_candidate,discovered_pending_review_not_applied,دراسة شاملة لقضاء بئر السبع الذي كان جزءاً من متصرفية القدس. يتناول الكتاب تطبيق قانون الأراضي العثماني ونظام القضاء بشأن حقوق ملكية الأراضي، ويشمل تحليلاً لقانون الأراضي، والقانون المدني، وقانون الطابو.
b2032aa81e4f,قانون الأراضي العثماني (1858),law,الدولة العثمانية,,,,old_db_success_insert_query,db-query-1767974719121.json,official_or_legal_primary_candidate,discovered_pending_review_not_applied,"القانون الأساسي الذي نظم ملكية الأراضي في الدولة العثمانية. قسّم الأراضي إلى خمسة أقسام: المملوكة، الأميرية، الموقوفة، المتروكة، والموات. ما زال ساري النفاذ في الضفة الغربية وغزة. يحتوي على 15 مادة قانونية تفصيلية.

المصدر: الدولة العثمانية
السنة: 1858
النوع: قانون"
b2de1d6144ee,قانون الأراضي العثماني (1858),law,https://maqam.najah.edu/legislation/169/,الدولة العثمانية,1858,قانون,legacy_source_file,research_data/jerusalem_land_references.json,official_or_legal_primary_candidate,discovered_pending_review_not_applied,القانون الأساسي الذي نظم ملكية الأراضي في الدولة العثمانية. قسّم الأراضي إلى خمسة أقسام: المملوكة، الأميرية، الموقوفة، المتروكة، والموات. ما زال ساري النفاذ في الضفة الغربية وغزة. يحتوي على 15 مادة قانونية تفصيلية.
f0ba5b7b8f92,قانون الأراضي العثماني - المادة 12: وقف الأراضي الأميرية,law,قانون الأراضي العثماني 1858,,,,old_db_select_row,db-query-1767967445194.json,official_or_legal_primary_candidate,discovered_pending_review_not_applied,
57cd8e2f7576,قانون الأراضي العثماني - المادة 1: تعريف الأراضي,law,قانون الأراضي العثماني 1858,,,,old_db_success_insert_query,db-query-1767919471890.json,official_or_legal_primary_candidate,discovered_pending_review_not_applied,"المادة الأولى: الأراضي على خمسة أقسام:
1. الأراضي المملوكة (الملك): وهي الأراضي التي يملكها الأفراد ملكية تامة بموجب سند رسمي، ويحق لهم التصرف فيها بالبيع والشراء والهبة والوقف والإرث دون قيد أو شرط.
2. الأراضي الأميرية: وهي الأراضي التي تعود رقبتها للدولة، ويكون للأفراد حق التصرف فيها فقط. لا يجوز بيع رقبة الأرض الأميرية، وإنما يباع حق التصرف فقط.
3. الأراضي الموقوفة: وهي الأراضي التي وقفها أصحابها لجهة خيرية أو ذرية، ولا يجوز بيعها أو التصرف فيها إلا وفق شروط الواقف.
4. الأراضي المتروكة: وهي الأراضي المخصصة للمنفعة العامة كالطرق والساحات والمراعي، ولا يجوز تملكها أو التصرف فيها.
5. الأراضي ا"
8cb0d0a274d0,قانون الأراضي العثماني - المادة 3: الأراضي الأميرية,law,قانون الأراضي العثماني 1858,,,,old_db_select_row,db-query-1767967445194.json,official_or_legal_primary_candidate,discovered_pending_review_not_applied,
b0b6e8448b06,قانون العدل والإنصاف للقضاء على مشكلات الأوقاف - محمد قدري باشا,law,محمد قدري باشا,,,,old_db_select_row,db-query-1767967445194.json,official_or_legal_primary_candidate,discovered_pending_review_not_applied,
935ae07aaa71,مجلة الأحكام العدلية,law,,,,,old_db_select_row,db-query-1767917131739.json,official_or_legal_primary_candidate,discovered_pending_review_not_applied,
531ef9b0eb9b,التنظيم القانوني للأراضي في فلسطين (1858 - الحاضر),reference,https://www.palquest.org/ar/selectivechrono/240/,مؤسسة الدراسات الفلسطينية,,دراسة,legacy_source_file,research_data/jerusalem_land_references.json,official_or_legal_primary_candidate,discovered_pending_review_not_applied,دراسة تعرض حيازة الأراضي في فلسطين في ظل العثمانيين (القوانين التي تنظّم تسجيل وشراء وبيع الأراضي)، يليها الأساليب المختلفة التي اتبعها الانتداب البريطاني، والحركة الصهيونية.
144efe4d0432,قرار بقانون رقم (2) لسنة 2023م بشأن تعديل قانون الأوقاف,إداري,http://muqtafi.birzeit.edu/pg/getleg.asp?id=18715,,,,legacy_source_file,research_data/knowledge_base.json,official_or_legal_primary_candidate,discovered_pending_review_not_applied,"قرار بقانون صادر عن السلطة الوطنية الفلسطينية لتعديل قانون الأوقاف والشؤون والمقدسات الإسلامية رقم (26) لسنة 1966م.

المادة (6) مكرر - المضافة:
1. تتولى الوزارة جباية الرسوم والأحكار والأعشار الخاصة بالأوقاف الإسلامية
2. تستوفي الوزارة جميع المستحقات المالية المتعلقة بالأوقاف
3. تدير الوزارة أموال الأوقاف وفقاً للأحكام الشرعية والقانونية

الهدف: تعزيز صلاحيات وزارة الأوقاف في إدارة الأموال الوقفية وجباية الرسوم."
f1e89b85d36e,نظام الوقف الذري في فلسطين,إداري,https://www.facebook.com/palestinian.vision/posts/1294708359357491/,,,,legacy_source_file,research_data/knowledge_base.json,official_or_legal_primary_candidate,discovered_pending_review_not_applied,"الوقف الذري هو نظام شرعي وقانوني يجعل العقار مالاً موقوفاً، ويُكتَب في صكّ الوقف من يحق لهم الاستفادة من ريعه من أبناء المالك وذريته، وبأيّ شروط.

خصائص الوقف الذري:
1. الاستمرارية: ينتقل من جيل إلى جيل
2. الحماية: لا يُباع ولا يُورث
3. التوزيع: يُوزع ريعه على الذرية حسب شرط الواقف
4. التسجيل: يُسجل في دائرة الأوقاف بصك رسمي

الإحصائيات في القدس:
- نسبة الوقف الخيري إلى الذري: ما بين (2:1) أو (4:3)
- عدد الحجج المقدر: لا يقل عن 1200-1600 حجة وقف"
fdad463812b3,الانتداب البريطاني - قانون الأوقاف 1922,تاريخي,قوانين الانتداب البريطاني,,,,legacy_source_file,scripts/additional_references.json,official_or_legal_primary_candidate,discovered_pending_review_not_applied,أصدرت سلطات الانتداب البريطاني قانون الأوقاف عام 1922 الذي نظم إدارة الأوقاف وأنشأ المجلس الإسلامي الأعلى.
e95149209661,مجلة الأحكام العدلية - المادة 1: تعريف الوقف,فقهي,مجلة الأحكام العدلية - كتاب الوقف,,,,legacy_source_file,scripts/basic_references.json,official_or_legal_primary_candidate,discovered_pending_review_not_applied,"المادة الأولى: الوقف هو حبس العين عن تمليكها لأحد من العباد، والتصدق بالمنفعة على الفقراء أو على وجه من وجوه الخير.

شرح التعريف:
- حبس العين: منع بيعها أو هبتها أو توريثها
- عن تمليكها: لا تصبح ملكاً لأحد بعد الوقف
- التصدق بالمنفعة: الانتفاع بريع الوقف يكون للجهة الموقوف عليها

أركان الوقف:
1. الواقف: من يقوم بالوقف
2. الموقوف: العين التي يتم وقفها
3. الموقوف عليه: الجهة المستفيدة من الوقف
4. الصيغة: لفظ الوقف الصريح

شروط الواقف:
- أن يكون بالغاً عاقلاً
- أن يكون مالكاً للعين الموقوفة
- أن يكون مختاراً غير مكره"
836e2d73bd8e,مجلة الأحكام العدلية - المادة 5: شروط صحة الوقف,فقهي,مجلة الأحكام العدلية - كتاب الوقف,,,,legacy_source_file,scripts/basic_references.json,official_or_legal_primary_candidate,discovered_pending_review_not_applied,"المادة الخامسة: يشترط لصحة الوقف:

1. أن يكون الموقوف مالاً متقوماً: أي له قيمة مالية شرعاً
2. أن يكون معلوماً: محدداً بالوصف أو المشاهدة
3. أن يكون مملوكاً للواقف: ملكية تامة صحيحة
4. أن يكون قابلاً للانتفاع مع بقاء عينه: كالعقار والأثاث
5. أن يكون الوقف مؤبداً: لا يجوز توقيته بمدة معينة
6. أن تكون الجهة الموقوف عليها معلومة: محددة بوضوح
7. أن تكون الجهة الموقوف عليها جهة بر: لا تكون معصية

الأموال التي لا يصح وقفها:
- المنقولات التي تستهلك بالاستعمال (كالطعام)
- الأموال المغصوبة أو المسروقة
- الأموال المجهولة أو غير المحددة"
0981042d3af2,المجلة العدلية (مجلة الأحكام العدلية),قانوني,,لجنة من فقهاء الدولة العثمانية,1876,,legacy_source_file,new_references.json,official_or_legal_primary_candidate,discovered_pending_review_not_applied,"المجلة العدلية أو 'مجلة الأحكام العدلية' هي أول تقنين للفقه الإسلامي (المذهب الحنفي) في العصر الحديث. صدرت في الدولة العثمانية عام 1293هـ/1876م، وتتكون من 1851 مادة قانونية موزعة على 16 كتاباً.

تغطي المجلة العدلية المعاملات المدنية والتجارية في الفقه الإسلامي، وتشمل: البيوع، الإجارة، الكفالة، الحوالة، الرهن، الأمانات، الهبة، الغصب، الإتلاف، الحجر، الإكراه، الشفعة، الشركة، الوكالة، الصلح، الإقرار، والدعوى والبينات.

في مجال الأوقاف، تتضمن المجلة العدلية أحكاماً مهمة في عدة كتب، خاصة في كتاب الإجارة (حيث يُعامل استئجار الوقف)، وكتاب الهبة (حيث يُقارن الوقف بالهبة)، وكتاب الغصب (حيث تُعالج مسألة"
a76fa00d7416,قانون أملاك الغائبين - الأوقاف,قانوني,قانون أملاك الغائبين الإسرائيلي (1950),,,,legacy_source_file,scripts/additional_references.json,official_or_legal_primary_candidate,discovered_pending_review_not_applied,استولت إسرائيل على العديد من الأوقاف الإسلامية بحجة أنها أملاك غائبين، رغم أن الوقف لا يملكه شخص معين.
9f09c4db023e,قانون أملاك الغائبين الإسرائيلي 1950 - التعريف,قانوني,قانون أملاك الغائبين الإسرائيلي (1950),,,,legacy_source_file,scripts/additional_references.json,official_or_legal_primary_candidate,discovered_pending_review_not_applied,يعرف القانون الإسرائيلي 'الغائب' بأنه كل من ترك مكان إقامته في فلسطين قبل 1948 أو بعده، وتم الاستيلاء على أملاكه.
649190f4d4c0,قانون الأراضي العثماني - المادة 12: وقف الأراضي الأميرية,قانوني,قانون الأراضي العثماني 1858,,,,legacy_source_file,scripts/basic_references.json,official_or_legal_primary_candidate,discovered_pending_review_not_applied,"المادة الثانية عشرة: يجوز وقف حق التصرف في الأراضي الأميرية بإذن من السلطان أو من ينوب عنه.

شروط وقف الأراضي الأميرية:
1. الحصول على إذن رسمي من الدولة (الإرادة السنية)
2. تسجيل الوقف في السجلات الرسمية
3. تحديد جهة الوقف (خيري أو ذري)
4. تعيين ناظر للوقف
5. استمرار دفع الضرائب المقررة (الميري) من ريع الوقف

أحكام خاصة:
- إذا لم يُدفع الميري من ريع الوقف، يحق للدولة المطالبة به من ناظر الوقف
- لا يجوز بيع الأرض الموقوفة إلا في حالات الاستبدال الشرعي
- يجوز تأجير الأرض الموقوفة بعقد إجارة طويلة (حكر)"
aaff1561c5bd,قانون الأراضي العثماني - المادة 1: تعريف الأراضي,قانوني,قانون الأراضي العثماني 1858,,,,old_db_success_insert_query,db-query-error-1767919336713.json,official_or_legal_primary_candidate,discovered_pending_review_not_applied,المادة الأولى: الأراضي على خمسة أقسام...
ddac895907fd,قانون الأراضي العثماني - المادة 36: حقوق المتولي,قانوني,قانون الأراضي العثماني (1858),,,,legacy_source_file,scripts/additional_references.json,official_or_legal_primary_candidate,discovered_pending_review_not_applied,للمتولي على الوقف حق الإدارة والنظر في شؤونه، وله أن يؤجر الأرض الموقوفة بما يحقق مصلحة الوقف، ولا يجوز له التصرف فيها بالبيع أو الرهن.
5cc368c7b44a,قانون الأراضي العثماني - المادة 3: الأراضي الأميرية,قانوني,قانون الأراضي العثماني 1858,,,,legacy_source_file,scripts/basic_references.json,official_or_legal_primary_candidate,discovered_pending_review_not_applied,"المادة الثالثة: الأراضي الأميرية هي الأراضي التي رقبتها للدولة، وللأفراد حق التصرف فيها فقط.

شروط التصرف في الأراضي الأميرية:
1. يجب دفع الضرائب المقررة (الميري) سنوياً للدولة
2. يجب زراعة الأرض وعدم تركها بوراً لمدة تزيد عن ثلاث سنوات
3. لا يجوز بيع رقبة الأرض، وإنما يباع حق التصرف فقط
4. يجوز توريث حق التصرف للورثة الشرعيين
5. يجوز وقف حق التصرف بإذن من الدولة

عقوبة ترك الأرض بوراً:
إذا ترك صاحب حق التصرف الأرض بوراً لمدة ثلاث سنوات متتالية دون عذر شرعي، يسقط حقه في التصرف، وتعود الأرض للدولة لتمنحها لمن يعمرها."
591280092bfb,قانون الأراضي العثماني - المادة 4: الأراضي الموقوفة,قانوني,قانون الأراضي العثماني (1858),,,,legacy_source_file,scripts/additional_references.json,official_or_legal_primary_candidate,discovered_pending_review_not_applied,الأراضي الموقوفة هي الأراضي التي أوقفها أصحابها على جهة بر أو خير. ولا يجوز بيعها أو رهنها أو توريثها، وإنما تبقى على ملك الموقوف عليهم أو الجهة الموقوف عليها.
eccc9553368d,قانون الأراضي العثماني 1858,قانوني,https://maqam.najah.edu/legislation/169/,,,,legacy_source_file,research_data/knowledge_base.json,official_or_legal_primary_candidate,discovered_pending_review_not_applied,"قانون الأراضي العثماني الصادر عام 1858 (1274 هجري) هو القانون الأساسي الذي ينظم ملكية الأراضي في فلسطين. لا يزال ساري النفاذ في الضفة الغربية وغزة.

تقسيم الأراضي (المادة 1):
1. الأراضي المملوكة: المحلات الحاصل التصرف بها على وجه الملكية
2. الأراضي الأميرية: الأراضي التابعة لبيت المال
3. الأراضي الموقوفة: الأراضي الموقوفة وفقاً للشرع
4. الأراضي المتروكة: المخصصة لعموم الناس أو أهالي القرى
5. الأراضي الموات: الأراضي الخالية البعيدة عن العمران

الأراضي الموقوفة (المادة 4):
القسم الأول: الأراضي التي كانت من الأراضي المملوكة صحيحاً وأوقفت وفقاً للشرع الشريف. رقبتها وجميع حقوق التصرف بها عائدة إلى "
0d681b5ebc1c,قانون الأوقاف الأردني - المادة 10: إدارة الأوقاف,قانوني,قانون الأوقاف الأردني رقم 23 لسنة 1964,,,,legacy_source_file,scripts/basic_references.json,official_or_legal_primary_candidate,discovered_pending_review_not_applied,"المادة 10: تتولى وزارة الأوقاف إدارة الأوقاف الخيرية والإشراف على الأوقاف الذرية.

صلاحيات الوزارة:
1. إدارة الأوقاف الخيرية واستثمارها
2. تعيين النظار والمتولين
3. الإشراف على صرف ريع الأوقاف
4. صيانة الأوقاف وعمارتها
5. استبدال الأوقاف عند الضرورة
6. رفع الدعاوى القضائية المتعلقة بالأوقاف
7. قبول الأوقاف الجديدة

واجبات الناظر:
- المحافظة على الوقف وعمارته
- استثمار الوقف بالطرق الشرعية
- صرف الريع على الجهات المستحقة
- تقديم حساب سنوي للوزارة
- عدم التصرف في الوقف إلا بإذن من الوزارة"
15c1b4d2037c,قانون الأوقاف الأردني - المادة 15: صلاحيات المتولي,قانوني,قانون الأوقاف الأردني رقم 23 لسنة 1964,,,,legacy_source_file,scripts/additional_references.json,official_or_legal_primary_candidate,discovered_pending_review_not_applied,للمتولي إدارة الوقف وتأجير أعيانه واستثمارها بما يحقق مصلحة الوقف، وله أن يقاضي ويقاضى باسم الوقف.
2a98ed1cb9ac,قانون الأوقاف الأردني - المادة 20: الإشراف على الأوقاف,قانوني,قانون الأوقاف الأردني رقم 23 لسنة 1964,,,,legacy_source_file,scripts/additional_references.json,official_or_legal_primary_candidate,discovered_pending_review_not_applied,تشرف وزارة الأوقاف على جميع الأوقاف الخيرية والذرية، ولها حق الرقابة والتفتيش على أعمال المتولين.
9e8c3e05093d,قانون الأوقاف الأردني - المادة 2: تعريف الوقف الخيري,قانوني,قانون الأوقاف الأردني رقم 23 لسنة 1964,,,,legacy_source_file,scripts/additional_references.json,official_or_legal_primary_candidate,discovered_pending_review_not_applied,الوقف الخيري هو ما وقف على جهة بر وخير ابتداءً كالمساجد والمدارس والمستشفيات ودور الأيتام.
606553700800,قانون الأوقاف الأردني - المادة 3: الوقف الذري,قانوني,قانون الأوقاف الأردني رقم 23 لسنة 1964,,,,legacy_source_file,scripts/additional_references.json,official_or_legal_primary_candidate,discovered_pending_review_not_applied,الوقف الذري هو ما وقف على الذرية ابتداءً ثم على جهة بر وخير انتهاءً.
d826bc0b411d,قانون الأوقاف الأردني رقم 23 لسنة 1964 - المادة 1: التعاريف,قانوني,قانون الأوقاف الأردني رقم 23 لسنة 1964,,,,legacy_source_file,scripts/basic_references.json,official_or_legal_primary_candidate,discovered_pending_review_not_applied,"المادة 1: تعاريف

في هذا القانون، يكون للكلمات والعبارات التالية المعاني المخصصة لها أدناه ما لم تدل القرينة على خلاف ذلك:

الوزارة: وزارة الأوقاف والشؤون والمقدسات الإسلامية
الوزير: وزير الأوقاف والشؤون والمقدسات الإسلامية
الوقف: حبس العين عن تمليكها لأحد من العباد والتصدق بالمنفعة على الفقراء أو على وجه من وجوه الخير
الوقف الخيري: ما وقف على جهة بر عامة كالفقراء والمساجد والمدارس
الوقف الذري: ما وقف على الذرية والأولاد
الناظر: من يتولى إدارة الوقف والإشراف عليه
المتولي: من يتولى إدارة الوقف الذري
الريع: الدخل الناتج عن الوقف"
b8482acdea7c,قانون الأوقاف الفلسطيني رقم 2 لسنة 2014,قانوني,,السلطة الوطنية الفلسطينية,2014,,legacy_source_file,new_references.json,official_or_legal_primary_candidate,discovered_pending_review_not_applied,"قانون الأوقاف الفلسطيني رقم 2 لسنة 2014 هو القانون المنظم للأوقاف في فلسطين، صدر عن السلطة الوطنية الفلسطينية. يُعد هذا القانون من أهم التشريعات القانونية المتعلقة بالأوقاف في فلسطين.

يتكون القانون من 52 مادة موزعة على عدة فصول، تشمل: التعاريف والأحكام العامة، أنواع الأوقاف، شروط الوقف وأركانه، إدارة الأوقاف، صلاحيات وزارة الأوقاف، نظارة الأوقاف، استثمار الأوقاف، استبدال الأوقاف، حماية الأوقاف، والعقوبات.

من أهم ما ينظمه القانون:
1. تعريف الوقف: 'حبس العين على حكم ملك الله تعالى والتصدق بالمنفعة على جهة بر وخير'.
2. أنواع الوقف: الوقف الخيري (على جهات البر)، والوقف الذري (على الذرية ثم على ج"
8793b3d2f821,قانون الأوقاف والشؤون الدينية رقم (26) لسنة 1966م وتعديلاته,قانوني,https://mjr.ogb.gov.ps/MergedLegislations/ViewText/165/,,,,legacy_source_file,research_data/knowledge_base.json,official_or_legal_primary_candidate,discovered_pending_review_not_applied,"قانون الأوقاف والشؤون الدينية رقم (26) لسنة 1966م هو القانون الأساسي الذي ينظم شؤون الأوقاف في فلسطين. صدر في عهد المملكة الأردنية الهاشمية ولا يزال ساري المفعول مع تعديلات حتى عام 2023.

أهم التعريفات:
- الأوقاف والشؤون الدينية: الأموال المنقولة أو غير المنقولة الموقوفة على جهة بر لا تنقطع ابتداء أو انتهاء، والمساجد وملحقاتها والمقامات ودور التكايا والزوايا والمقابر الإسلامية.

أهداف الوزارة:
1. المحافظة على المساجد وأموال الأوقاف وصيانتها وتنميتها وإدارة شؤونها
2. العناية بتطوير المسجد ليؤدي رسالته في مجالات التربية الإسلامية
3. إذكاء روح التضحية والجهاد والثبات في الأمة
4. تنمية الأخلاق الإ"
08a183447918,قانون العدل والإنصاف للقضاء على مشكلات الأوقاف,قانوني,,محمد قدري باشا,1893,,legacy_source_file,new_references.json,official_or_legal_primary_candidate,discovered_pending_review_not_applied,"كتاب 'قانون العدل والإنصاف للقضاء على مشكلات الأوقاف' من تأليف محمد قدري باشا (1821-1888م)، وهو أحد أبرز فقهاء القانون في العصر الحديث. يُعد هذا الكتاب من المراجع القانونية المهمة في مجال الأوقاف الإسلامية.

يتناول الكتاب المشكلات القانونية والإدارية التي تواجه الأوقاف الإسلامية، ويقدم حلولاً قانونية مستمدة من الفقه الإسلامي والقانون الوضعي. يعالج الكتاب قضايا مثل: النزاعات على الأوقاف، شروط الواقفين، إدارة الأوقاف، استبدال الأوقاف، والإشراف القضائي على الأوقاف.

ألف محمد قدري باشا هذا الكتاب في سياق الإصلاحات القانونية التي شهدتها مصر في القرن التاسع عشر، حيث كان هناك حاجة لتنظيم قانوني حديث "
259fdcb855d4,قرار بقانون 2018 - المادة 10: حماية الأوقاف,قانوني,قرار بقانون رقم (1) لسنة 2018,,,,legacy_source_file,scripts/additional_references.json,official_or_legal_primary_candidate,discovered_pending_review_not_applied,تتمتع الأوقاف بالحماية القانونية، ولا يجوز الاعتداء عليها أو الاستيلاء عليها أو تغيير معالمها.
ce17ae71438c,قرار بقانون 2018 - المادة 5: المجلس الأعلى للأوقاف,قانوني,قرار بقانون رقم (1) لسنة 2018,,,,legacy_source_file,scripts/additional_references.json,official_or_legal_primary_candidate,discovered_pending_review_not_applied,يشكل مجلس أعلى للأوقاف برئاسة الوزير وعضوية ممثلين عن الجهات ذات العلاقة، ويختص بوضع السياسات العامة للأوقاف.
f161abf0a484,قرار بقانون رقم 1 لسنة 2018 - المادة 2: أهداف الوزارة,قانوني,قرار بقانون رقم (1) لسنة 2018 بشأن الأوقاف الإسلامية,,,,legacy_source_file,scripts/additional_references.json,official_or_legal_primary_candidate,discovered_pending_review_not_applied,تهدف وزارة الأوقاف والشؤون الدينية إلى إدارة وتنظيم الأوقاف الإسلامية وحمايتها وتنميتها واستثمارها.
1e95febce616,مجلة الأحكام العدلية - كتاب الوقف,قانوني,https://dorar.net/feqhia/6119/,,,,legacy_source_file,research_data/knowledge_base.json,official_or_legal_primary_candidate,discovered_pending_review_not_applied,"مجلة الأحكام العدلية هي القانون المدني العثماني المستمد من الفقه الحنفي، صدرت عام 1876م (1293 هـ). تحتوي على أحكام الوقف المستمدة من المذهب الحنفي.

تعريف العقار (المادة 1270): ما لا يمكن نقله من محل إلى آخر؛ كالدور والأراضي.

الولاية على الوقف (المادة 974): الولاية الخاصة أقوى من الولاية العامة، فولاية المتولي على الوقف أولى من ولاية القاضي عليه.

أحكام الوقف:
- الوقف يجوز على جهة بر لا تنقطع
- العقار يجوز وقفه بالإجماع
- المنقول يجوز وقفه عند أبي يوسف ومحمد خلافاً لأبي حنيفة
- من شرط الموقوف التأبيد، والعقار مؤبد"
8b11b60482b6,مجلة الأحكام العدلية - المادة 2: أركان الوقف,مجلة الأحكام,مجلة الأحكام العدلية,,,,legacy_source_file,scripts/additional_references.json,official_or_legal_primary_candidate,discovered_pending_review_not_applied,أركان الوقف أربعة: الواقف، والموقوف، والموقوف عليه، والصيغة. ولا يصح الوقف إلا باجتماع هذه الأركان الأربعة.
39afd1529881,مجلة الأحكام العدلية - المادة 3: شروط الواقف,مجلة الأحكام,مجلة الأحكام العدلية,,,,legacy_source_file,scripts/additional_references.json,official_or_legal_primary_candidate,discovered_pending_review_not_applied,يشترط في الواقف أن يكون حراً مكلفاً مالكاً للموقوف، فلا يصح وقف العبد ولا الصبي ولا المجنون ولا من لا يملك الموقوف.
e1c5f388ed55,مجلة الأحكام العدلية - المادة 6: استبدال الوقف,مجلة الأحكام,مجلة الأحكام العدلية,,,,legacy_source_file,scripts/additional_references.json,official_or_legal_primary_candidate,discovered_pending_review_not_applied,لا يجوز استبدال الوقف إلا إذا تعطلت منافعه بالكلية، أو كان في الاستبدال مصلحة ظاهرة للوقف، وبإذن القاضي.
ea9e33f40aab,اختبار التصنيف 3,administrative,,,,,old_db_select_row,db-query-1767917341400.json,review_required_candidate,discovered_pending_review_not_applied,
cc23884bba15,الإشراف المعاصر على العقارات الوقفية,administrative,https://www.palestinecabinet.gov.ps/portal/GovService/Details/129,,,,old_db_select_row,db-query-1767917356953.json,review_required_candidate,discovered_pending_review_not_applied,
2a9f85003d7f,اختبار timestamp,historical,,,,,old_db_select_row,db-query-1767917341400.json,review_required_candidate,discovered_pending_review_not_applied,
f7dbb8ad2bf9,الأوقاف في الدولة العثمانية,historical,,,,,old_db_select_row,db-query-1767917131739.json,review_required_candidate,discovered_pending_review_not_applied,
4b287a45ff0b,الأوقاف في الدولة العثمانية,historical,NULL,,,,old_db_select_row,db-query-1767917356953.json,review_required_candidate,discovered_pending_review_not_applied,
c08f4edf98f7,الحاج أمين الحسيني - رئيس المجلس الإسلامي,historical,سيرة الحاج أمين الحسيني,,,,old_db_select_row,db-query-1767972509854.json,review_required_candidate,discovered_pending_review_not_applied,
a88e6789dc6f,المجلس الإسلامي الأعلى (فلسطين),historical,,,,,old_db_select_row,db-query-1767917131739.json,review_required_candidate,discovered_pending_review_not_applied,
7b9bf9074465,متصرفية القدس أواخر العهد العثماني,historical,عبد العزيز عوض,,,,old_db_success_insert_query,db-query-1767974684070.json,review_required_candidate,discovered_pending_review_not_applied,"دراسة تاريخية شاملة لمتصرفية القدس في نهاية العهد العثماني، تغطي الوضع الإداري والاجتماعي والاقتصادي في القدس قبل الانتداب البريطاني. الكتاب متاح للتحميل المجاني على Internet Archive بحجم 32.5 ميجابايت.

المؤلف: عبد العزيز عوض"
541cdad4612c,اختبار التصنيف 2,jurisprudence,,,,,old_db_select_row,db-query-1767917341400.json,review_required_candidate,discovered_pending_review_not_applied,
3ac3ff6bd0ef,الأم - الإمام الشافعي - محمد بن إدريس الشافعي,jurisprudence,محمد بن إدريس الشافعي,,,,old_db_select_row,db-query-1767967445194.json,review_required_candidate,discovered_pending_review_not_applied,
c58fa268d24c,العدل والإنصاف في معرفة أصول الفقه والاختلاف - أبو يعقوب يوسف بن إبراهيم الوارجلاني,jurisprudence,أبو يعقوب يوسف بن إبراهيم الوارجلاني,,,,old_db_select_row,db-query-1767967445194.json,review_required_candidate,discovered_pending_review_not_applied,
fc68ccea7bd0,المبسوط - السرخسي - شمس الأئمة محمد بن أحمد السرخسي,jurisprudence,شمس الأئمة محمد بن أحمد السرخسي,,,,old_db_select_row,db-query-1767967445194.json,review_required_candidate,discovered_pending_review_not_applied,
4e471e8449e4,المغني - ابن قدامة المقدسي - موفق الدين عبد الله بن أحمد بن قدامة المقدسي,jurisprudence,موفق الدين عبد الله بن أحمد بن قدامة المقدسي,,,,old_db_select_row,db-query-1767967445194.json,review_required_candidate,discovered_pending_review_not_applied,
e9e4dd113fe5,الوقف الإسلامي بين النظرية والتطبيق - حسن عبد الله الأمين - حسن عبد الله الأمين,jurisprudence,حسن عبد الله الأمين,,,,old_db_select_row,db-query-1767967445194.json,review_required_candidate,discovered_pending_review_not_applied,
f30c44ca0ce6,"Consequences of the Ottoman land law: Agrarian and privatization processes in Palestine, 1858–1918",law,R Kark,,,,old_db_success_insert_query,db-query-1767974699280.json,review_required_candidate,discovered_pending_review_not_applied,"دراسة تحلل تأثيرات قانون الأراضي العثماني على العمليات الزراعية وعمليات الخصخصة في فلسطين خلال الفترة من 1858 إلى 1918. نشرت في Springer وحصلت على 33 استشهاداً أكاديمياً.

المؤلف: R Kark
السنة: 2017
النوع: بحث أكاديمي"
bb48796c9c13,اختبار التصنيف,law,,,,,old_db_select_row,db-query-1767917341400.json,review_required_candidate,discovered_pending_review_not_applied,
f2f43afc6f8d,ناظر الوقف,law,,,,,old_db_select_row,db-query-1767917131739.json,review_required_candidate,discovered_pending_review_not_applied,
b10d43010b51,وقف (إسلام),law,,,,,old_db_select_row,db-query-1767917131739.json,review_required_candidate,discovered_pending_review_not_applied,
1e578da5eb77,Mamluk and Ottoman Endowment Deeds as a Source for Geographical-Historical Research: The Waqfiyya of Haseki Sultan (1552 CE),reference,"eScholarship, University of California",,,,old_db_select_row,db-query-1767972509854.json,review_required_candidate,discovered_pending_review_not_applied,
9dfd0b9861a9,اختبار المستخدم,reference,,,,,old_db_select_row,db-query-1767917341400.json,review_required_candidate,discovered_pending_review_not_applied,
5df0ee400944,الأرشيف العثماني بأيدٍ فلسطينية.. وثائق تثبت ملكية الأراضي,reference,https://www.aljazeera.net/culture/2020/2/9/,الجزيرة نت,2020,تقرير إخباري,legacy_source_file,research_data/jerusalem_land_references.json,review_required_candidate,discovered_pending_review_not_applied,تقرير يتناول تسليم تركيا للأرشيف العثماني للسلطة الفلسطينية، والذي يشمل سجلات الطابو خلال الفترة ما قبل الانتداب البريطاني. يعتبر الأرشيف طوق نجاة لإثبات ملكيات الأراضي والعقارات.
79f924fb11fd,وثائق الملكية الفلسطينية في الأرشيف العثماني,reference,https://www.al-wathiqa.com/ArticleView/20,موقع الوثيقة,,مقال,legacy_source_file,research_data/jerusalem_land_references.json,review_required_candidate,discovered_pending_review_not_applied,مقال يوضح أهمية سجلات الطابو العثماني الخاصة بالأراضي، والتي تحظى بالأولوية القانونية لإثبات حقوق ملكية الأراضي في فلسطين لدى المحاكم المحلية، ومحاكم الاحتلال، والمحاكم الدولية.
9c7d83645ae7,الوقف ودوره في تنمية المجتمع - عبد العزيز الخياط,إداري,,عبد العزيز الخياط,2006,,legacy_source_file,new_references.json,review_required_candidate,discovered_pending_review_not_applied,"كتاب 'الوقف ودوره في تنمية المجتمع' للدكتور عبد العزيز الخياط من الدراسات المهمة التي تتناول دور الوقف في التنمية المستدامة. نُشر الكتاب عام 2006م.

يتناول الكتاب الوقف كأداة للتنمية الشاملة (الاقتصادية والاجتماعية والثقافية)، ويعرض نماذج تطبيقية من الأوقاف الناجحة في البلدان الإسلامية.

من أهم موضوعات الكتاب:
1. دور الوقف في التنمية الاقتصادية: توفير رأس المال، خلق فرص العمل، تمويل المشاريع الصغيرة والمتوسطة، والاستثمار في البنية التحتية.
2. دور الوقف في التنمية الاجتماعية: محاربة الفقر، توفير السكن للمحتاجين، رعاية الأيتام والأرامل، ورعاية ذوي الاحتياجات الخاصة.
3. دور الوقف في التنمية التعل"
3c52ec1899de,صيغ تمويلية مستحدثة للأوقاف - عبد الله بن منصور الغفيلي,إداري,,عبد الله بن منصور الغفيلي,2010,,legacy_source_file,new_references.json,review_required_candidate,discovered_pending_review_not_applied,"كتاب 'صيغ تمويلية مستحدثة للأوقاف' للدكتور عبد الله بن منصور الغفيلي من الدراسات المتخصصة في التمويل الوقفي المعاصر. نُشر الكتاب عام 2010م.

يتناول الكتاب الصيغ التمويلية الحديثة التي يمكن استخدامها في الأوقاف، مع بيان ضوابطها الشرعية وتطبيقاتها العملية. يهدف الكتاب إلى تطوير الأوقاف الإسلامية من خلال استخدام أدوات مالية حديثة متوافقة مع الشريعة.

من أهم الصيغ التمويلية التي يعرضها الكتاب:

1. الوقف النقدي: وقف الأموال السائلة (نقود، أسهم، سندات إسلامية) واستثمارها في مشاريع مربحة. يعرض الكتاب الخلاف الفقهي حول جواز الوقف النقدي، ويرجح الجواز بضوابط.

2. الصكوك الوقفية: إصدار صكوك (أدوات مالية"
c70f554c67d0,أرشيفات القدس الإسلامية - مصادر لمسألة الوقف,تاريخي,https://www.palestine-studies.org/sites/default/files/hq-articles/9893.pdf,,,,legacy_source_file,research_data/knowledge_base.json,review_required_candidate,discovered_pending_review_not_applied,"أرشيفات القدس الإسلامية تحتوي على مصادر أولية حيوية لدراسة الأوقاف في القدس العثمانية.

أهم المصادر:
1. سجلات المحاكم الشرعية: تحتوي على آلاف الحجج الوقفية
2. الوثائق العثمانية: سجلات الطابو والدفاتر العثمانية
3. وثائق المجلس الإسلامي الأعلى: من عهد الانتداب البريطاني
4. أرشيف وزارة الأوقاف: الوثائق المعاصرة

الأهمية:
- التوثيق التاريخي: إثبات ملكية الأوقاف
- الدراسات الأكاديمية: مصدر للباحثين
- الحماية القانونية: إثبات الحقوق الوقفية

هذه الأرشيفات تشكل مرجعاً أساسياً لأي دراسة تتعلق بالأوقاف في القدس وفلسطين."
f4398474cf63,أقدم وقف موثق في العالم (القرن 9 الميلادي),تاريخي,https://www.haaretz.com/archaeology/2021-12-06/,,,,legacy_source_file,research_data/knowledge_base.json,review_required_candidate,discovered_pending_review_not_applied,"اكتشاف أثري لنقش على حجر جيري يتضمن وقف قريتين زراعيتين في فلسطين في القرن التاسع الميلادي، مع حيوانات عالية الجودة.

تفاصيل الاكتشاف:
- المادة: نقش على حجر جيري ناعم
- المحتوى: وقف قريتين زراعيتين
- الفترة: القرن التاسع الميلادي
- المكان: فلسطين

الأهمية:
- أقدم وقف موثق: من أقدم الأوقاف المكتشفة في العالم
- التوثيق: نقش على حجر جيري
- المحتوى: تفاصيل دقيقة عن الوقف

هذا الاكتشاف يؤكد أن نظام الوقف كان راسخاً في فلسطين منذ القرون الأولى للإسلام."
cb2be7104d9c,أوقاف القدس - الأوقاف الصلاحية,تاريخي,تاريخ أوقاف القدس,,,,legacy_source_file,scripts/additional_references.json,review_required_candidate,discovered_pending_review_not_applied,أوقف صلاح الدين الأيوبي العديد من الأراضي والعقارات في القدس لخدمة المسجد الأقصى والفقراء والمساكين.
96226d6f8289,أوقاف القدس - الزوايا والتكايا,تاريخي,تاريخ أوقاف القدس,,,,legacy_source_file,scripts/additional_references.json,review_required_candidate,discovered_pending_review_not_applied,انتشرت الزوايا والتكايا الموقوفة في القدس لخدمة الفقراء والمسافرين وطلاب العلم، وكانت تمول من ريع الأوقاف.
072a626febeb,أوقاف القدس - المدارس الوقفية,تاريخي,تاريخ التعليم في القدس,,,,legacy_source_file,scripts/additional_references.json,review_required_candidate,discovered_pending_review_not_applied,أنشئت العديد من المدارس الوقفية في القدس لتعليم القرآن والعلوم الشرعية، وكانت تمول من ريع الأوقاف.
6e68f93323d2,أوقاف القدس التاريخية - المسجد الأقصى,تاريخي,دراسات تاريخية عن أوقاف القدس,,,,legacy_source_file,scripts/additional_references.json,review_required_candidate,discovered_pending_review_not_applied,المسجد الأقصى المبارك وقف إسلامي خالص منذ الفتح الإسلامي، ولا يجوز التصرف فيه أو في أي جزء منه.
fe31675b9f76,الأوقاف الإسلامية في القدس الشريف - كامل جميل العسلي,تاريخي,,كامل جميل العسلي,1981,,legacy_source_file,new_references.json,review_required_candidate,discovered_pending_review_not_applied,"كتاب 'الأوقاف الإسلامية في القدس الشريف' للمؤرخ الدكتور كامل جميل العسلي (1919-2015م) من أهم الدراسات التاريخية عن الأوقاف الإسلامية في القدس. نُشر الكتاب عام 1981م.

يتناول الكتاب تاريخ الأوقاف الإسلامية في القدس منذ الفتح الإسلامي حتى العصر الحديث، مع التركيز على العصر المملوكي والعثماني. يعرض الكتاب أنواع الأوقاف في القدس: أوقاف المساجد، أوقاف المدارس، أوقاف الزوايا والخوانق، أوقاف التكايا، أوقاف الأسبلة، وأوقاف البيمارستانات (المستشفيات).

يوثق الكتاب مئات الأوقاف في القدس بالاعتماد على وثائق المحاكم الشرعية وسجلات الأوقاف العثمانية. يعرض لكل وقف: اسم الواقف، تاريخ الوقف، الموقوف (عقارات، "
a1c53accb3fa,الأوقاف بعد 1967 - الاحتلال الإسرائيلي,تاريخي,الأوقاف تحت الاحتلال,,,,legacy_source_file,scripts/additional_references.json,review_required_candidate,discovered_pending_review_not_applied,استولت إسرائيل على العديد من الأوقاف في القدس والضفة الغربية بعد 1967، وفرضت قيوداً على إدارتها.
9b87ec4887cb,الأوقاف في الضفة الغربية - الإدارة الأردنية,تاريخي,تاريخ الأوقاف في الضفة الغربية,,,,legacy_source_file,scripts/additional_references.json,review_required_candidate,discovered_pending_review_not_applied,أدارت الأردن الأوقاف في الضفة الغربية من 1948 إلى 1967 وفق قانون الأوقاف الأردني رقم 23 لسنة 1964.
af82dd7bf29f,الحاج أمين الحسيني - رئيس المجلس الإسلامي,تاريخي,سيرة الحاج أمين الحسيني,,,,legacy_source_file,scripts/additional_references.json,review_required_candidate,discovered_pending_review_not_applied,ترأس الحاج أمين الحسيني المجلس الإسلامي الأعلى وعمل على تطوير الأوقاف وترميم المسجد الأقصى.
c80343d33840,المجلس الإسلامي الأعلى - الصلاحيات,تاريخي,تاريخ المجلس الإسلامي الأعلى,,,,legacy_source_file,scripts/additional_references.json,review_required_candidate,discovered_pending_review_not_applied,كان للمجلس الإسلامي الأعلى صلاحيات واسعة في إدارة الأوقاف والمحاكم الشرعية والشؤون الدينية في فلسطين.
08812e3c0931,ترميم المسجد الأقصى - الفترة البريطانية,تاريخي,تاريخ ترميم الأقصى,,,,legacy_source_file,scripts/additional_references.json,review_required_candidate,discovered_pending_review_not_applied,قام المجلس الإسلامي الأعلى بترميمات واسعة للمسجد الأقصى في الثلاثينيات، ممولة من تبرعات المسلمين وريع الأوقاف.
208b69674fc9,حارة المغاربة - الهدم,تاريخي,تاريخ حارة المغاربة,,,,legacy_source_file,scripts/additional_references.json,review_required_candidate,discovered_pending_review_not_applied,هدمت إسرائيل حارة المغاربة الوقفية بالكامل عام 1967، وشردت سكانها لإنشاء ساحة البراق.
cf77402bec02,وقف أبو مدين الغوث - القدس,تاريخي,أوقاف القدس التاريخية,,,,legacy_source_file,scripts/additional_references.json,review_required_candidate,discovered_pending_review_not_applied,وقف أبو مدين الغوث من أقدم الأوقاف في القدس، ويشمل عقارات ومساجد ومدارس، وتعرض للاستيلاء الإسرائيلي.
749d7c950a17,إعلام الموقعين عن رب العالمين - ابن القيم,فقهي,,شمس الدين محمد بن أبي بكر ابن قيم الجوزية,751,,legacy_source_file,new_references.json,review_required_candidate,discovered_pending_review_not_applied,"كتاب 'إعلام الموقعين عن رب العالمين' للإمام ابن قيم الجوزية (691-751هـ) من أهم الكتب في أصول الفقه والفتوى والقضاء. يُعد مرجعاً أساسياً لفهم منهج الاجتهاد والفتوى في الإسلام.

يتناول الكتاب قواعد الفتوى وآدابها، ومناهج الاستدلال الفقهي، وأسباب الاختلاف بين الفقهاء، وكيفية الترجيح بين الأقوال المختلفة. كما يعرض قواعد فقهية مهمة مثل: تغير الفتوى بتغير الزمان والمكان والعرف، واعتبار المآلات في الأحكام، والموازنة بين المصالح والمفاسد.

في مجال الأوقاف، يُعد الكتاب مرجعاً مهماً لفهم كيفية التعامل مع المستجدات في الأوقاف، وكيفية الاجتهاد في المسائل التي لم ينص عليها الفقهاء السابقون. كما يوضح كيفية "
eda655c99ed0,الأشباه والنظائر - السيوطي,فقهي,,جلال الدين عبد الرحمن السيوطي,911,,legacy_source_file,new_references.json,review_required_candidate,discovered_pending_review_not_applied,"كتاب 'الأشباه والنظائر' للإمام جلال الدين السيوطي (849-911هـ) من أهم الكتب في القواعد الفقهية الكلية. يجمع الكتاب القواعد الفقهية التي تنطبق على مسائل متعددة في أبواب الفقه المختلفة.

يتناول الكتاب القواعد الفقهية الخمس الكبرى: (1) الأمور بمقاصدها، (2) اليقين لا يزول بالشك، (3) المشقة تجلب التيسير، (4) الضرر يزال، (5) العادة محكمة. كما يعرض قواعد فرعية كثيرة تتعلق بجميع أبواب الفقه.

في مجال الأوقاف، تُطبق هذه القواعد على مسائل عديدة، مثل:
- قاعدة 'الأمور بمقاصدها': تُطبق في فهم شروط الواقف وتفسيرها بما يحقق مقصده.
- قاعدة 'اليقين لا يزول بالشك': تُطبق في النزاعات حول الوقف، حيث لا يُحكم بإنها"
a1f6b9f561a9,الأم - الإمام الشافعي,فقهي,,محمد بن إدريس الشافعي,204,,legacy_source_file,new_references.json,review_required_candidate,discovered_pending_review_not_applied,"كتاب 'الأم' للإمام محمد بن إدريس الشافعي (150-204هـ) هو الكتاب الأصل في المذهب الشافعي، ويُعد من أهم المراجع الفقهية في التاريخ الإسلامي. يحتوي على آراء الإمام الشافعي الفقهية في جميع أبواب الفقه.

يتناول الكتاب باب الوقف بتفصيل واضح، حيث يعرض الإمام الشافعي أحكام الوقف وشروطه وأنواعه. من أهم المسائل التي يعالجها: تعريف الوقف، حكم الوقف (هل هو لازم أم جائز)، شروط صحة الوقف، الوقف على النفس، الوقف على الذرية، الوقف الخيري، شروط الواقف، تغيير شروط الوقف، واستبدال الوقف.

يتميز الكتاب بوضوح العبارة ودقة الاستدلال، حيث يعتمد الإمام الشافعي على النصوص الشرعية من القرآن والسنة، مع استخدام القياس وال"
f40ae796d3c9,العدل والإنصاف في معرفة أصول الفقه والاختلاف,فقهي,,أبو يعقوب يوسف بن إبراهيم الوارجلاني,570,,legacy_source_file,new_references.json,review_required_candidate,discovered_pending_review_not_applied,"يُعد كتاب 'العدل والإنصاف في معرفة أصول الفقه والاختلاف' من أهم المراجع الفقهية في المذهب الإباضي، ألفه الإمام أبو يعقوب يوسف بن إبراهيم الوارجلاني (توفي سنة 570هـ). يتناول الكتاب أصول الفقه الإسلامي ومناهج الاستدلال والاختلاف الفقهي بين المذاهب.

يتميز الكتاب بمنهجه العلمي الدقيق في عرض المسائل الأصولية، حيث يعرض آراء المذاهب المختلفة بموضوعية وإنصاف، مع بيان الأدلة والحجج لكل رأي. يعتبر هذا الكتاب مرجعاً أساسياً لفهم منهج الاستدلال الفقهي وأصول الاجتهاد في الإسلام.

يشمل الكتاب عدة أبواب رئيسية منها: مصادر التشريع الإسلامي (القرآن والسنة والإجماع والقياس)، قواعد الاستنباط الفقهي، مناهج التعا"
bce8cdfdd960,الفقه الإسلامي وأدلته - وهبة الزحيلي,فقهي,,وهبة مصطفى الزحيلي,1997,,legacy_source_file,new_references.json,review_required_candidate,discovered_pending_review_not_applied,"كتاب 'الفقه الإسلامي وأدلته' للدكتور وهبة الزحيلي (1932-2015م) من أشمل الموسوعات الفقهية المعاصرة. يقع في 11 مجلداً، ويغطي جميع أبواب الفقه الإسلامي مع عرض آراء المذاهب الأربعة والأدلة والترجيح.

يتميز الكتاب بمنهجه الشامل، حيث يعرض لكل مسألة: تعريفها، حكمها في المذاهب الأربعة، الأدلة من الكتاب والسنة والإجماع والقياس، مناقشة الأدلة، الترجيح، والتطبيقات المعاصرة.

في باب الوقف، يعرض الدكتور الزحيلي أحكام الوقف بتفصيل شامل في عدة فصول، تشمل: تعريف الوقف وحكمه ومشروعيته، أركان الوقف وشروطه، أنواع الوقف (الخيري والأهلي والمشترك)، شروط الواقف وحقوقه، حقوق الموقوف عليهم، إدارة الوقف ونظارته، استبدا"
baf3a605e5fc,المبسوط - السرخسي,فقهي,,شمس الأئمة محمد بن أحمد السرخسي,483,,legacy_source_file,new_references.json,review_required_candidate,discovered_pending_review_not_applied,"كتاب 'المبسوط' للإمام شمس الأئمة السرخسي (توفي 483هـ) من أعظم الموسوعات الفقهية في المذهب الحنفي. ألفه السرخسي وهو في السجن، حيث كان يملي على تلاميذه من الذاكرة، مما يدل على عمق علمه وسعة اطلاعه.

يقع الكتاب في 30 جزءاً، ويغطي جميع أبواب الفقه الإسلامي بتفصيل شامل. في باب الوقف، يعرض السرخسي أحكام الوقف في المذهب الحنفي مع مقارنتها بآراء المذاهب الأخرى. من أهم المسائل: تعريف الوقف عند الحنفية، شروط صحة الوقف، الفرق بين الوقف والصدقة، أنواع الوقف (الوقف الخيري والوقف الأهلي)، شروط الواقف، حقوق الموقوف عليهم، إدارة الوقف، واستبدال الوقف.

من أهم ما يميز المذهب الحنفي في الوقف: اشتراط القضاء أو ا"
f7df7cb9c1af,المدونة الكبرى - الإمام مالك,فقهي,,الإمام مالك بن أنس (رواية سحنون عن ابن القاسم),240,,legacy_source_file,new_references.json,review_required_candidate,discovered_pending_review_not_applied,"كتاب 'المدونة الكبرى' أو 'المدونة' هو الكتاب الأصل في المذهب المالكي، وهو من أهم المراجع الفقهية في التاريخ الإسلامي. المدونة هي رواية الإمام سحنون (توفي 240هـ) عن الإمام عبد الرحمن بن القاسم (توفي 191هـ) عن الإمام مالك بن أنس (93-179هـ).

تتناول المدونة جميع أبواب الفقه الإسلامي، وتعرض آراء الإمام مالك وأصحابه في المسائل الفقهية. في باب الأحباس (الأوقاف)، تعرض المدونة أحكام الوقف في المذهب المالكي بتفصيل واضح.

من أهم ما يميز المذهب المالكي في الوقف: استخدام مصطلح 'الحبس' بدلاً من 'الوقف'، واشتراط التأبيد في الحبس (أي أن يكون مؤبداً لا مؤقتاً)، وجواز الحبس على النفس ثم على الذرية ثم على الجها"
28579d518d6a,المغني - ابن قدامة المقدسي,فقهي,,موفق الدين عبد الله بن أحمد بن قدامة المقدسي,620,,legacy_source_file,new_references.json,review_required_candidate,discovered_pending_review_not_applied,"كتاب 'المغني' للإمام موفق الدين ابن قدامة المقدسي (541-620هـ) من أهم الموسوعات الفقهية في المذهب الحنبلي والفقه الإسلامي عموماً. يُعد من أشمل كتب الفقه المقارن، حيث يعرض آراء المذاهب الأربعة مع الأدلة والترجيح.

يتناول الكتاب جميع أبواب الفقه بما في ذلك باب الوقف، حيث يعرض أحكام الوقف بتفصيل دقيق: تعريف الوقف، شروطه، أركانه، أنواعه (الوقف الخيري والوقف الأهلي)، شروط الواقف، حقوق المستحقين، إدارة الوقف، استبدال الوقف، وإنهاء الوقف.

يتميز المغني بمنهجه العلمي الرصين في عرض المسائل الفقهية، حيث يبدأ بذكر المسألة، ثم يعرض أقوال الفقهاء فيها، ثم يذكر الأدلة من الكتاب والسنة والإجماع والقياس، ثم ين"
d621e0e84347,الموافقات في أصول الشريعة - الشاطبي,فقهي,,أبو إسحاق إبراهيم بن موسى الشاطبي,790,,legacy_source_file,new_references.json,review_required_candidate,discovered_pending_review_not_applied,"كتاب 'الموافقات' للإمام أبي إسحاق الشاطبي (توفي 790هـ) من أهم الكتب في علم مقاصد الشريعة وأصول الفقه. يُعد هذا الكتاب مرجعاً أساسياً لفهم المقاصد الشرعية والقواعد الكلية التي تحكم الاجتهاد الفقهي.

يتناول الكتاب المقاصد الشرعية الخمسة (حفظ الدين، والنفس، والعقل، والنسل، والمال)، وكيفية تطبيقها في الاجتهاد الفقهي. كما يعرض القواعد الأصولية التي يُبنى عليها الفقه الإسلامي، مثل: قاعدة المصالح المرسلة، وقاعدة سد الذرائع، وقاعدة العرف، وقاعدة الاستحسان.

في مجال الأوقاف، يُعد كتاب الموافقات مرجعاً مهماً لفهم المقاصد الشرعية من الوقف، وهي: حفظ المال (من خلال استثمار الوقف)، وتحقيق المصلحة العامة (من"
0ae0b2e01b8a,الوقف الأهلي - التعريف والأحكام,فقهي,الفقه الإسلامي - أنواع الوقف,,,,legacy_source_file,scripts/additional_references.json,review_required_candidate,discovered_pending_review_not_applied,الوقف الأهلي هو ما وقف على الذرية والأقارب ثم على جهة بر، وله أحكام خاصة في الإدارة والتوزيع.
34cb50574f2c,الوقف المؤقت - حكمه,فقهي,الفقه المقارن - الوقف,,,,legacy_source_file,scripts/additional_references.json,review_required_candidate,discovered_pending_review_not_applied,اختلف الفقهاء في جواز الوقف المؤقت، فأجازه المالكية ومنعه الجمهور، واشترطوا التأبيد في الوقف.
534fdbfb7512,الوقف المشترك - الأحكام,فقهي,الفقه الإسلامي - أحكام الوقف,,,,legacy_source_file,scripts/additional_references.json,review_required_candidate,discovered_pending_review_not_applied,يجوز أن يشترك أكثر من واحد في وقف عين واحدة، ولكل منهم نصيبه في الثواب والأجر.
86bbeef97e93,الوقف على المساجد - الفضل والأحكام,فقهي,الفقه الإسلامي - فضائل الوقف,,,,legacy_source_file,scripts/additional_references.json,review_required_candidate,discovered_pending_review_not_applied,الوقف على المساجد من أفضل أنواع الوقف، ويشمل بناء المساجد والإنفاق على صيانتها وخدمتها.
1afbba77ead2,الوقف على النفس - الخلاف الفقهي,فقهي,الفقه المقارن - الوقف,,,,legacy_source_file,scripts/additional_references.json,review_required_candidate,discovered_pending_review_not_applied,اختلف الفقهاء في جواز الوقف على النفس، فأجازه الحنفية والحنابلة، ومنعه المالكية والشافعية.
e07d99d1e7b7,الوقف على غير المسلمين - الحكم,فقهي,الفقه الإسلامي - أحكام الوقف,,,,legacy_source_file,scripts/additional_references.json,review_required_candidate,discovered_pending_review_not_applied,يجوز الوقف على غير المسلمين في أمور البر كالفقراء والمرضى، ولا يجوز على الكنائس والبيع.
149e68c235b4,دور الوقف في المجتمع الإسلامي المعاصر - يوسف القرضاوي,فقهي,,يوسف القرضاوي,2008,,legacy_source_file,new_references.json,review_required_candidate,discovered_pending_review_not_applied,"كتاب 'دور الوقف في المجتمع الإسلامي المعاصر' للشيخ الدكتور يوسف القرضاوي من الدراسات المهمة التي تعرض رؤية معاصرة لدور الوقف في التنمية الشاملة. نُشر الكتاب عام 2008م.

يتناول الكتاب الوقف من منظور شامل، حيث يعرض: الأساس الشرعي للوقف، الدور التاريخي للوقف في الحضارة الإسلامية، الدور المعاصر للوقف في التنمية، والرؤية المستقبلية للوقف.

من أهم أفكار الكتاب:
1. الوقف أداة للتكافل الاجتماعي: يساهم الوقف في سد حاجات الفقراء والمحتاجين دون إذلال أو منّة.
2. الوقف أداة للتنمية الاقتصادية: يوفر الوقف موارد مستدامة للمشاريع التنموية.
3. الوقف أداة للتنمية التعليمية: يساهم الوقف في بناء المدارس والجامعا"
7fb3fe1e7aa7,شرط الواقف - الالتزام به,فقهي,القواعد الفقهية - الوقف,,,,legacy_source_file,scripts/additional_references.json,review_required_candidate,discovered_pending_review_not_applied,شرط الواقف كنص الشارع في اللزوم، فيجب الالتزام بشروط الواقف ما لم تخالف الشرع.
89d3f402f0ae,شروط الموقوف - الفقه الإسلامي,فقهي,الفقه الإسلامي العام,,,,legacy_source_file,scripts/additional_references.json,review_required_candidate,discovered_pending_review_not_applied,يشترط في الموقوف أن يكون مالاً متقوماً يمكن الانتفاع به مع بقاء عينه، كالعقار والحيوان والكتب.
445ef75ca622,فتاوى الوقف - سليمان الجاسر,فقهي,https://khair.ws/library/7239/,,,,legacy_source_file,research_data/knowledge_base.json,review_required_candidate,discovered_pending_review_not_applied,"كتاب فتاوى الوقف من تأليف سليمان بن جاسر الجاسر، نشره مركز واقف - مدار الوطن للنشر، الطبعة السادسة 1436 هـ.

موضوعات الكتاب:
- أحكام الوقف المعاصرة
- فتاوى متعلقة بإدارة الأوقاف
- أحكام استبدال الوقف
- أحكام ناظر الوقف
- أحكام الوقف الذري والوقف الخيري

يتناول الكتاب المسائل الفقهية المعاصرة المتعلقة بالوقف، ويجيب على الأسئلة الشائعة حول إدارة الأوقاف واستثمارها."
cacb0b52d90d,نظارة الوقف - الشروط والأحكام,فقهي,الفقه الإسلامي - أحكام الوقف,,,,legacy_source_file,scripts/additional_references.json,review_required_candidate,discovered_pending_review_not_applied,للواقف أن يشترط النظارة لنفسه أو لغيره، وللناظر أن يتقاضى أجرة على عمله بقدر المعروف إن لم يشترط الواقف.
4d060fb9b46b,الوقف على المسجد الأقصى,تاريخي,https://ar.wikipedia.org/wiki/الوقف_على_المسجد_الأقصى,,,,legacy_source_file,research_data/knowledge_base.json,review_required_public_web_candidate,discovered_pending_review_not_applied,"يعود أول وقف على المسجد الأقصى إلى عهد الصحابة، فقد بُني المسجد الأقصى بناءً بسيطاً من الخشب في عهد عمر بن الخطاب عقب زيارته للقدس بعد الفتح الإسلامي.

أهم الأوقاف التاريخية:
1. وقف عمر بن الخطاب: أول وقف على المسجد الأقصى
2. أوقاف صلاح الدين الأيوبي: بعد تحرير القدس عام 1187م
3. أوقاف المماليك: في القرنين 13-15 الميلادي
4. أوقاف العثمانيين: من القرن 16 حتى القرن 20

الأهمية: الوقف على المسجد الأقصى من أقدس الأوقاف الإسلامية، ويشمل المسجد نفسه والعقارات المحيطة به."
24c742afa5df,Mind the Gap: An Archaeological View of Land Tenure and Usufruct Rights Around Jerusalem,historical,https://www.jstor.org/stable/jj.31872240.3,"O Ze'evi-Berger, N Ben-Melech, B Walker, N Porat",,بحث أكاديمي,legacy_source_file,research_data/jerusalem_land_references.json,supporting_reference_candidate,discovered_pending_review_not_applied,دراسة أثرية تتناول حقوق حيازة الأراضي واستخدامها حول القدس في العصرين المملوكي والعثماني. تحلل سجلات الضرائب في سنجق القدس في القرن الثامن عشر.
ffdfce459c9f,متصرفية القدس أواخر العهد العثماني,historical,,عبد العزيز عوض,,كتاب,old_db_success_insert_query,db-query-error-1767974642436.json,supporting_reference_candidate,discovered_pending_review_not_applied,دراسة تاريخية شاملة لمتصرفية القدس في نهاية العهد العثماني، تغطي الوضع الإداري والاجتماعي والاقتصادي في القدس قبل الانتداب البريطاني. الكتاب متاح للتحميل المجاني على Internet Archive بحجم 32.5 ميجابايت.
9498f1f1ce77,المبسوط للسرخسي - كتاب الوقف,jurisprudence,https://shamela.ws/book/5423/2508,,,,old_db_select_row,db-query-1767967445194.json,supporting_reference_candidate,discovered_pending_review_not_applied,
2d3a06a7ab8f,"Consequences of the Ottoman land law: Agrarian and privatization processes in Palestine, 1858–1918",law,https://link.springer.com/chapter/10.1007/978-3-319-50998-3_8,R Kark,2017,بحث أكاديمي,legacy_source_file,research_data/jerusalem_land_references.json,supporting_reference_candidate,discovered_pending_review_not_applied,دراسة تحلل تأثيرات قانون الأراضي العثماني على العمليات الزراعية وعمليات الخصخصة في فلسطين خلال الفترة من 1858 إلى 1918. نشرت في Springer وحصلت على 33 استشهاداً أكاديمياً.
22d6e77b5c9d,Land privatization in nineteenth-century Ottoman Palestine,law,https://brill.com/view/journals/ils/22/3/article-p221_2.xml,"N Solomonovich, R Kark",2015,بحث أكاديمي,legacy_source_file,research_data/jerusalem_land_references.json,supporting_reference_candidate,discovered_pending_review_not_applied,دراسة منشورة في Islamic Law and Society تحلل عملية خصخصة الأراضي في فلسطين العثمانية في القرن التاسع عشر. استخدمت وثائق ومراسلات القنصلية الألمانية في القدس. حصلت على 22 استشهاداً.
4975fa5e8e6d,Land registry maps in Palestine during the Ottoman period,law,https://www.tandfonline.com/doi/pdf/10.1179/caj.1984.21.1.30,"R Kark, H Gerber",1984,بحث أكاديمي,legacy_source_file,research_data/jerusalem_land_references.json,supporting_reference_candidate,discovered_pending_review_not_applied,دراسة رائدة منشورة في The Cartographic Journal تتناول خرائط تسجيل الأراضي في فلسطين خلال الفترة العثمانية. تحلل سجلات الأراضي والمجلس الإداري لمنطقة القدس. حصلت على 20 استشهاداً.
a0224849ca3f,تسوية وتسجيل الأراضي في القدس الشرقية: الإشكاليات، التحديات والإسقاطات,law,,راسم محيي الدين خمايسي,2020,دراسة أكاديمية,old_db_success_insert_query,db-query-error-1767974642436.json,supporting_reference_candidate,discovered_pending_review_not_applied,دراسة تناقش الوضع المعقد والإشكال القائم بشأن تسوية الأراضي وتسجيلها في القدس الشرقية، وكذلك الآثار والعواقب. تقترح مبادئ وتوجيهات عامة للسياسات والأدوات لتمكين تسوية الأراضي.
9f7b05b16f40,"Consequences of the Ottoman land law: Agrarian and privatization processes in Palestine, 1858–1918",reference,Springer,,,,old_db_select_row,db-query-1767972509854.json,supporting_reference_candidate,discovered_pending_review_not_applied,
49bb88c18d9e,الوقف كأداة لزيادة القوة السياسية وتعزيزها: نموذج وقف خاصكي سلطان في العهد العثماني خلال أواخر القرن الثامن عشر,reference,مركز الملك فيصل للبحوث والدراسات الإسلامية، الرياض,,,,old_db_select_row,db-query-1767972509854.json,supporting_reference_candidate,discovered_pending_review_not_applied,
8a6ccb7a70ef,الأوقاف في فلسطين: دراسة تاريخية وثائقية,تاريخي,,محمد عدنان البخيت وآخرون,2000,,legacy_source_file,new_references.json,supporting_reference_candidate,discovered_pending_review_not_applied,"كتاب 'الأوقاف في فلسطين: دراسة تاريخية وثائقية' من تأليف مجموعة من الباحثين بإشراف الدكتور محمد عدنان البخيت. يُعد من أشمل الدراسات عن تاريخ الأوقاف في فلسطين.

يغطي الكتاب تاريخ الأوقاف في فلسطين منذ الفتح الإسلامي (636م) حتى نهاية الحكم العثماني (1918م)، مع التركيز على العصرين المملوكي (1260-1516م) والعثماني (1516-1918م). يعتمد الكتاب على وثائق أرشيفية من سجلات المحاكم الشرعية والأرشيف العثماني.

يتناول الكتاب عدة موضوعات رئيسية:
1. أنواع الأوقاف في فلسطين: الأوقاف الخيرية (على المساجد والمدارس والمستشفيات)، والأوقاف الذرية (على الذرية ثم على جهة خيرية).
2. الواقفون في فلسطين: السلاطين والأم"
e0cb522d0fb0,الحجج الوقفية في سجلات محكمة القدس الشرعية (القرن 11 هـ),تاريخي,https://dspace.alquds.edu/items/ab359e3f-ea7c-4992-a657-d96d28fc9907,,,,legacy_source_file,research_data/knowledge_base.json,supporting_reference_candidate,discovered_pending_review_not_applied,"دراسة فقهية مقاصدية للحجج الوقفية التي تضمنت إنشاء الوقف في سجلات محكمة القدس الشرعية في القرن الحادي عشر الهجري (17 الميلادي).

أهم النتائج:
1. تنوع الأوقاف: أوقاف خيرية وذرية ومشتركة
2. الشروط: تنوع شروط الواقفين
3. الإدارة: أنظمة إدارة الأوقاف في العصر العثماني
4. التوثيق: أهمية التوثيق الشرعي للأوقاف

الباحث: رياض منير أمين خويص (2022)

الأهمية: توفر هذه الدراسة نظرة شاملة على أنواع الأوقاف وشروطها وإدارتها في القدس خلال القرن 17 الميلادي."
fe0de8c2a560,حجة وقف مصطفى آغا (1821م),تاريخي,https://www.palarchive.org/index.php/Detail/objects/291104/,,,,legacy_source_file,research_data/knowledge_base.json,supporting_reference_candidate,discovered_pending_review_not_applied,"نسخة طبق الأصل من حجة وقف، مخرجة عن سجلات المحكمة الشرعية في القدس، ومؤرخة في عام 1236 هجري الموافق 1821 ميلادي.

معلومات الحجة:
- الواقف: مصطفى آغا
- التاريخ: 1236 هـ / 1821 م
- المصدر: سجلات المحكمة الشرعية في القدس
- النوع: نسخة طبق الأصل

الأهمية:
- نموذج للحجج الوقفية العثمانية
- توثيق تاريخي للأوقاف في القدس
- مصدر قانوني للملكية الوقفية

تعتبر هذه الحجة من الوثائق التاريخية المهمة التي توثق الأوقاف في القدس خلال العصر العثماني."
a4403be8b7af,الفقه الحنبلي - تعريف الوقف,فقهي,الفقه الحنبلي - كتاب الوقف,,,,legacy_source_file,scripts/additional_references.json,supporting_reference_candidate,discovered_pending_review_not_applied,الوقف في المذهب الحنبلي هو تحبيس الأصل وتسبيل المنفعة، فتحبس العين ويسبل نفعها في سبيل الخير.
f7fc00e14533,الفقه الحنفي - استبدال الوقف,فقهي,الفقه الحنفي - كتاب الوقف,,,,legacy_source_file,scripts/additional_references.json,supporting_reference_candidate,discovered_pending_review_not_applied,لا يجوز استبدال الوقف في المذهب الحنفي إلا إذا تعطلت منافعه بالكلية، وكان في الاستبدال مصلحة ظاهرة، وبإذن القاضي.
321ad714c8ab,الفقه الحنفي - تعريف الوقف,فقهي,الفقه الحنفي - كتاب الوقف,,,,legacy_source_file,scripts/additional_references.json,supporting_reference_candidate,discovered_pending_review_not_applied,الوقف في الفقه الحنفي هو حبس العين على ملك الواقف والتصدق بالمنفعة. فالعين تبقى على ملك الواقف، والمنفعة تصرف في الجهة الموقوف عليها.
38cbd246f398,الفقه الحنفي - شروط صحة الوقف,فقهي,الفقه الحنفي - كتاب الوقف,,,,legacy_source_file,scripts/additional_references.json,supporting_reference_candidate,discovered_pending_review_not_applied,يشترط لصحة الوقف في المذهب الحنفي: التأبيد، والقربة، وخروج الموقوف عن ملك الواقف حكماً، والقبول من الموقوف عليه إن كان معيناً.
5815e0d46cc0,الفقه الحنفي - وقف المنقول,فقهي,الفقه الحنفي - كتاب الوقف,,,,legacy_source_file,scripts/additional_references.json,supporting_reference_candidate,discovered_pending_review_not_applied,لا يجوز وقف المنقول في المذهب الحنفي إلا ما جرى به العرف والتعامل كالكتب والسلاح، أو ما كان تابعاً لوقف العقار.
78d8ba14b18a,الفقه الشافعي - تعريف الوقف,فقهي,الفقه الشافعي - كتاب الوقف,,,,legacy_source_file,scripts/additional_references.json,supporting_reference_candidate,discovered_pending_review_not_applied,الوقف في المذهب الشافعي هو حبس مال يمكن الانتفاع به مع بقاء عينه، بقطع التصرف في رقبته على مصرف مباح موجود.
987ac181bc0c,الفقه المالكي - تعريف الوقف,فقهي,الفقه المالكي - كتاب الوقف,,,,legacy_source_file,scripts/additional_references.json,supporting_reference_candidate,discovered_pending_review_not_applied,الوقف في المذهب المالكي هو جعل المنفعة للموقوف عليه ولو في المآل، مع بقاء العين على ملك الواقف أو على حكم ملكه.
c914044c1c5a,المبسوط للسرخسي - كتاب الوقف,فقهي,https://shamela.ws/book/5423/2508,,,,legacy_source_file,research_data/knowledge_base.json,supporting_reference_candidate,discovered_pending_review_not_applied,"المبسوط هو أحد أهم كتب الفقه الحنفي، ألفه محمد بن أحمد بن أبي سهل شمس الأئمة السرخسي (ت 483 هـ).

تعريف الوقف: لغة: الحبس. وشرعاً: حبس المملوك عن التصرف فيه وتسبيل منفعته.

اختلاف الأئمة في ملكية الوقف:
- أبو حنيفة: الوقف لا يزيل الملك عن الواقف، ويبقى على ملكه، لكن يمتنع عن التصرف فيه.
- أبو يوسف ومحمد: الوقف يزيل الملك، ويحبس العين عن الدخول في ملك غيره، وتصير ملكاً لله تعالى.

شروط صحة الوقف:
1. أن يكون على جهة بر لا تنقطع
2. أن يكون المال مما يمكن الانتفاع به مع بقاء عينه
3. أن يكون الواقف أهلاً للتبرع
4. أن يكون الوقف منجزاً غير معلق

أحكام المسجد: إذا بنى على منزله مسجداً وسكن أسفله أو ج"
b4ea817deea5,فتح القدير لابن الهمام - كتاب الوقف,فقهي,https://shamela.ws/book/21744/2777,,,,legacy_source_file,research_data/knowledge_base.json,supporting_reference_candidate,discovered_pending_review_not_applied,"فتح القدير هو شرح على الهداية، ألفه محمد بن عبد الواحد السيواسي المعروف بابن الهمام الحنفي (ت 861 هـ).

الوقف في مرض الموت:
- أبو حنيفة: يعتبر من الثلث لأنه تبرع
- أبو يوسف ومحمد: يعتبر من رأس المال لأنه ليس تمليكاً

خروج الوقف عن الملك: ليس من مقتضيات لفظ ""وقفت داري"" أو ""حبستها"" خروجها عن الملك، فيصدق مع كل منهما (البقاء في الملك أو الخروج منه)، فالترجيح بالدليل.

الوقف على الذرية:
- يجوز الوقف على الذرية والأولاد
- يجوز الوقف على من سيولد في المستقبل القريب"
f0b0449ddbca,مجموع فتاوى ابن تيمية - كتاب الوقف,فقهي,https://www.islamweb.net/ar/library/content/22/4743/,,,,legacy_source_file,research_data/knowledge_base.json,supporting_reference_candidate,discovered_pending_review_not_applied,"مجموع فتاوى شيخ الإسلام أحمد بن عبد الحليم بن تيمية (ت 728 هـ)، يحتوي على فتاوى متعلقة بالوقف من المذهب الحنبلي.

استبدال الوقف:
- يجوز استبدال الوقف بخير منه إذا كان ذلك أنفع للموقوف عليهم
- مثال: إذا وقف داراً أو حانوتاً أو بستاناً أو قرية يكون مغلها قليلاً، فيبدلها بما هو أكثر غلة

الوقف على جهة مباحة:
- الوقف على الأغنياء جائز
- الوقف على المدارس والمساجد من أفضل الأوقاف

شروط الواقف:
- يجب العمل بشرط الواقف ما لم يخالف الشرع
- إذا شرط الواقف ألا ينزل في المدرسة إلا من لم يكن له وظيفة، وجب العمل بشرطه"
