legacy_batch,source_file,legacy_table_name,legacy_record_key,legacy_dedupe_key,migration_priority,migration_status,payload_json,notes
knowledge_batch_08_observed_rows,db-query-1765146517934.json,messages,330001,96651a6507c3e8ac,P2,staged,"{""payload_kind"": ""legacy_select_observed_row"", ""source_query"": ""SELECT id, conversationId, role, LEFT(content, 100) as preview, createdAt \nFROM messages \nWHERE conversationId IN (SELECT id FROM conversations ORDER BY updatedAt DESC LIMIT 3)\nORDER BY conversationId, createdAt \nLIMIT 20;"", ""source_file"": ""db-query-1765146517934.json"", ""row_index"": 1, ""legacy_table"": ""messages"", ""row"": {""id"": ""330001"", ""conversationId"": ""510001"", ""role"": ""user"", ""preview"": ""ما هو وقف التخصيصات"", ""createdAt"": ""2025-12-07 06:41:16""}}","supplemental select-row evidence extracted in KB08; may be sample/observed row, not necessarily full table dump"
knowledge_batch_08_observed_rows,db-query-1765146517934.json,messages,330002,464611e757ac2932,P2,staged,"{""payload_kind"": ""legacy_select_observed_row"", ""source_query"": ""SELECT id, conversationId, role, LEFT(content, 100) as preview, createdAt \nFROM messages \nWHERE conversationId IN (SELECT id FROM conversations ORDER BY updatedAt DESC LIMIT 3)\nORDER BY conversationId, createdAt \nLIMIT 20;"", ""source_file"": ""db-query-1765146517934.json"", ""row_index"": 2, ""legacy_table"": ""messages"", ""row"": {""id"": ""330002"", ""conversationId"": ""510001"", ""role"": ""assistant"", ""preview"": ""أهلاً بك، بصفتي مساعداً متخصصاً في الأوقاف الإسلامية في فلسطين، سأجيب على سؤالك بناءً على السياق الم"", ""createdAt"": ""2025-12-07 06:41:19""}}","supplemental select-row evidence extracted in KB08; may be sample/observed row, not necessarily full table dump"
knowledge_batch_08_observed_rows,db-query-1765146517934.json,messages,360001,d430d590069970c7,P2,staged,"{""payload_kind"": ""legacy_select_observed_row"", ""source_query"": ""SELECT id, conversationId, role, LEFT(content, 100) as preview, createdAt \nFROM messages \nWHERE conversationId IN (SELECT id FROM conversations ORDER BY updatedAt DESC LIMIT 3)\nORDER BY conversationId, createdAt \nLIMIT 20;"", ""source_file"": ""db-query-1765146517934.json"", ""row_index"": 3, ""legacy_table"": ""messages"", ""row"": {""id"": ""360001"", ""conversationId"": ""540001"", ""role"": ""user"", ""preview"": ""ماهو الوقف "", ""createdAt"": ""2025-12-07 12:40:55""}}","supplemental select-row evidence extracted in KB08; may be sample/observed row, not necessarily full table dump"
knowledge_batch_08_observed_rows,db-query-1765146517934.json,messages,360002,25d7165d97c34b2e,P2,staged,"{""payload_kind"": ""legacy_select_observed_row"", ""source_query"": ""SELECT id, conversationId, role, LEFT(content, 100) as preview, createdAt \nFROM messages \nWHERE conversationId IN (SELECT id FROM conversations ORDER BY updatedAt DESC LIMIT 3)\nORDER BY conversationId, createdAt \nLIMIT 20;"", ""source_file"": ""db-query-1765146517934.json"", ""row_index"": 4, ""legacy_table"": ""messages"", ""row"": {""id"": ""360002"", ""conversationId"": ""540001"", ""role"": ""assistant"", ""preview"": ""أهلاً بك. بصفتي مساعداً متخصصاً في الأوقاف الإسلامية في فلسطين، سأقدم لك تعريفاً دقيقاً للوقف بناءً "", ""createdAt"": ""2025-12-07 12:41:00""}}","supplemental select-row evidence extracted in KB08; may be sample/observed row, not necessarily full table dump"
knowledge_batch_08_observed_rows,db-query-1765146517934.json,messages,390001,b88e4787bccdc447,P2,staged,"{""payload_kind"": ""legacy_select_observed_row"", ""source_query"": ""SELECT id, conversationId, role, LEFT(content, 100) as preview, createdAt \nFROM messages \nWHERE conversationId IN (SELECT id FROM conversations ORDER BY updatedAt DESC LIMIT 3)\nORDER BY conversationId, createdAt \nLIMIT 20;"", ""source_file"": ""db-query-1765146517934.json"", ""row_index"": 5, ""legacy_table"": ""messages"", ""row"": {""id"": ""390001"", ""conversationId"": ""570001"", ""role"": ""user"", ""preview"": ""وقف"", ""createdAt"": ""2025-12-07 22:19:44""}}","supplemental select-row evidence extracted in KB08; may be sample/observed row, not necessarily full table dump"
knowledge_batch_08_observed_rows,db-query-1765146517934.json,messages,390002,7cf94200d900f1ee,P2,staged,"{""payload_kind"": ""legacy_select_observed_row"", ""source_query"": ""SELECT id, conversationId, role, LEFT(content, 100) as preview, createdAt \nFROM messages \nWHERE conversationId IN (SELECT id FROM conversations ORDER BY updatedAt DESC LIMIT 3)\nORDER BY conversationId, createdAt \nLIMIT 20;"", ""source_file"": ""db-query-1765146517934.json"", ""row_index"": 6, ""legacy_table"": ""messages"", ""row"": {""id"": ""390002"", ""conversationId"": ""570001"", ""role"": ""assistant"", ""preview"": ""الوقف (الوقف) هو مفهوم إسلامي يعني حبس الأصل وتسبيل المنفعة، وهو من أهم المؤسسات الخيرية في التاريخ "", ""createdAt"": ""2025-12-07 22:19:52""}}","supplemental select-row evidence extracted in KB08; may be sample/observed row, not necessarily full table dump"
knowledge_batch_08_observed_rows,db-query-1765660066955.json,site_settings,1,b03fcd1e0e333e3a,P2,staged,"{""payload_kind"": ""legacy_select_observed_row"", ""source_query"": ""SELECT menu_items FROM site_settings LIMIT 1;"", ""source_file"": ""db-query-1765660066955.json"", ""row_index"": 1, ""legacy_table"": ""site_settings"", ""row"": {""menu_items"": ""[{\""label\"":\""\"",\""href\"":\""\"",\""order\"":0}]""}}","supplemental select-row evidence extracted in KB08; may be sample/observed row, not necessarily full table dump"
knowledge_batch_08_observed_rows,db-query-1767917131739.json,fetched_content,21,8fd0bf6b37236cfd,P1,staged,"{""payload_kind"": ""legacy_select_observed_row"", ""source_query"": ""SELECT id, title, category, relevance_score, status \nFROM fetched_content \nORDER BY id DESC \nLIMIT 5;"", ""source_file"": ""db-query-1767917131739.json"", ""row_index"": 1, ""legacy_table"": ""fetched_content"", ""row"": {""id"": ""21"", ""title"": ""ناظر الوقف"", ""category"": ""law"", ""relevance_score"": ""35"", ""status"": ""pending""}}","supplemental select-row evidence extracted in KB08; may be sample/observed row, not necessarily full table dump"
knowledge_batch_08_observed_rows,db-query-1767917131739.json,fetched_content,20,56065e861da8ddf2,P1,staged,"{""payload_kind"": ""legacy_select_observed_row"", ""source_query"": ""SELECT id, title, category, relevance_score, status \nFROM fetched_content \nORDER BY id DESC \nLIMIT 5;"", ""source_file"": ""db-query-1767917131739.json"", ""row_index"": 2, ""legacy_table"": ""fetched_content"", ""row"": {""id"": ""20"", ""title"": ""مجلة الأحكام العدلية"", ""category"": ""law"", ""relevance_score"": ""25"", ""status"": ""pending""}}","supplemental select-row evidence extracted in KB08; may be sample/observed row, not necessarily full table dump"
knowledge_batch_08_observed_rows,db-query-1767917131739.json,fetched_content,19,9ed5552f09d9c143,P1,staged,"{""payload_kind"": ""legacy_select_observed_row"", ""source_query"": ""SELECT id, title, category, relevance_score, status \nFROM fetched_content \nORDER BY id DESC \nLIMIT 5;"", ""source_file"": ""db-query-1767917131739.json"", ""row_index"": 3, ""legacy_table"": ""fetched_content"", ""row"": {""id"": ""19"", ""title"": ""الأوقاف في الدولة العثمانية"", ""category"": ""historical"", ""relevance_score"": ""25"", ""status"": ""pending""}}","supplemental select-row evidence extracted in KB08; may be sample/observed row, not necessarily full table dump"
knowledge_batch_08_observed_rows,db-query-1767917131739.json,fetched_content,18,7a1692367207e62c,P1,staged,"{""payload_kind"": ""legacy_select_observed_row"", ""source_query"": ""SELECT id, title, category, relevance_score, status \nFROM fetched_content \nORDER BY id DESC \nLIMIT 5;"", ""source_file"": ""db-query-1767917131739.json"", ""row_index"": 4, ""legacy_table"": ""fetched_content"", ""row"": {""id"": ""18"", ""title"": ""المجلس الإسلامي الأعلى (فلسطين)"", ""category"": ""historical"", ""relevance_score"": ""15"", ""status"": ""pending""}}","supplemental select-row evidence extracted in KB08; may be sample/observed row, not necessarily full table dump"
knowledge_batch_08_observed_rows,db-query-1767917131739.json,fetched_content,17,e9fc65629419fd41,P1,staged,"{""payload_kind"": ""legacy_select_observed_row"", ""source_query"": ""SELECT id, title, category, relevance_score, status \nFROM fetched_content \nORDER BY id DESC \nLIMIT 5;"", ""source_file"": ""db-query-1767917131739.json"", ""row_index"": 5, ""legacy_table"": ""fetched_content"", ""row"": {""id"": ""17"", ""title"": ""وقف (إسلام)"", ""category"": ""law"", ""relevance_score"": ""15"", ""status"": ""pending""}}","supplemental select-row evidence extracted in KB08; may be sample/observed row, not necessarily full table dump"
knowledge_batch_08_observed_rows,db-query-1767917341400.json,fetched_content,2,3bd08bd92795e977,P1,staged,"{""payload_kind"": ""legacy_select_observed_row"", ""source_query"": ""SELECT id, title, status, category \nFROM fetched_content \nORDER BY id;"", ""source_file"": ""db-query-1767917341400.json"", ""row_index"": 1, ""legacy_table"": ""fetched_content"", ""row"": {""id"": ""2"", ""title"": ""اختبار التصنيف"", ""status"": ""processing"", ""category"": ""law""}}","supplemental select-row evidence extracted in KB08; may be sample/observed row, not necessarily full table dump"
knowledge_batch_08_observed_rows,db-query-1767917341400.json,fetched_content,3,0a937893470422c4,P1,staged,"{""payload_kind"": ""legacy_select_observed_row"", ""source_query"": ""SELECT id, title, status, category \nFROM fetched_content \nORDER BY id;"", ""source_file"": ""db-query-1767917341400.json"", ""row_index"": 2, ""legacy_table"": ""fetched_content"", ""row"": {""id"": ""3"", ""title"": ""اختبار التصنيف 2"", ""status"": ""processing"", ""category"": ""jurisprudence""}}","supplemental select-row evidence extracted in KB08; may be sample/observed row, not necessarily full table dump"
knowledge_batch_08_observed_rows,db-query-1767917341400.json,fetched_content,4,a23c6dc9460d2b0f,P1,staged,"{""payload_kind"": ""legacy_select_observed_row"", ""source_query"": ""SELECT id, title, status, category \nFROM fetched_content \nORDER BY id;"", ""source_file"": ""db-query-1767917341400.json"", ""row_index"": 3, ""legacy_table"": ""fetched_content"", ""row"": {""id"": ""4"", ""title"": ""اختبار التصنيف 3"", ""status"": ""processing"", ""category"": ""administrative""}}","supplemental select-row evidence extracted in KB08; may be sample/observed row, not necessarily full table dump"
knowledge_batch_08_observed_rows,db-query-1767917341400.json,fetched_content,5,a9ae34b275721d99,P1,staged,"{""payload_kind"": ""legacy_select_observed_row"", ""source_query"": ""SELECT id, title, status, category \nFROM fetched_content \nORDER BY id;"", ""source_file"": ""db-query-1767917341400.json"", ""row_index"": 4, ""legacy_table"": ""fetched_content"", ""row"": {""id"": ""5"", ""title"": ""اختبار timestamp"", ""status"": ""processing"", ""category"": ""historical""}}","supplemental select-row evidence extracted in KB08; may be sample/observed row, not necessarily full table dump"
knowledge_batch_08_observed_rows,db-query-1767917341400.json,fetched_content,6,0e857f0e4f1b0f22,P1,staged,"{""payload_kind"": ""legacy_select_observed_row"", ""source_query"": ""SELECT id, title, status, category \nFROM fetched_content \nORDER BY id;"", ""source_file"": ""db-query-1767917341400.json"", ""row_index"": 5, ""legacy_table"": ""fetched_content"", ""row"": {""id"": ""6"", ""title"": ""اختبار المستخدم"", ""status"": ""processing"", ""category"": ""reference""}}","supplemental select-row evidence extracted in KB08; may be sample/observed row, not necessarily full table dump"
knowledge_batch_08_observed_rows,db-query-1767917341400.json,fetched_content,7,18a1fa8d7cc50856,P1,staged,"{""payload_kind"": ""legacy_select_observed_row"", ""source_query"": ""SELECT id, title, status, category \nFROM fetched_content \nORDER BY id;"", ""source_file"": ""db-query-1767917341400.json"", ""row_index"": 6, ""legacy_table"": ""fetched_content"", ""row"": {""id"": ""7"", ""title"": ""اختبار التصنيف"", ""status"": ""processing"", ""category"": ""law""}}","supplemental select-row evidence extracted in KB08; may be sample/observed row, not necessarily full table dump"
knowledge_batch_08_observed_rows,db-query-1767917341400.json,fetched_content,8,2ed931bdd1bfc067,P1,staged,"{""payload_kind"": ""legacy_select_observed_row"", ""source_query"": ""SELECT id, title, status, category \nFROM fetched_content \nORDER BY id;"", ""source_file"": ""db-query-1767917341400.json"", ""row_index"": 7, ""legacy_table"": ""fetched_content"", ""row"": {""id"": ""8"", ""title"": ""اختبار التصنيف 2"", ""status"": ""processing"", ""category"": ""jurisprudence""}}","supplemental select-row evidence extracted in KB08; may be sample/observed row, not necessarily full table dump"
knowledge_batch_08_observed_rows,db-query-1767917341400.json,fetched_content,9,5660ae855db7415c,P1,staged,"{""payload_kind"": ""legacy_select_observed_row"", ""source_query"": ""SELECT id, title, status, category \nFROM fetched_content \nORDER BY id;"", ""source_file"": ""db-query-1767917341400.json"", ""row_index"": 8, ""legacy_table"": ""fetched_content"", ""row"": {""id"": ""9"", ""title"": ""اختبار التصنيف 3"", ""status"": ""processing"", ""category"": ""administrative""}}","supplemental select-row evidence extracted in KB08; may be sample/observed row, not necessarily full table dump"
knowledge_batch_08_observed_rows,db-query-1767917341400.json,fetched_content,10,a7d8b3c3f3a05864,P1,staged,"{""payload_kind"": ""legacy_select_observed_row"", ""source_query"": ""SELECT id, title, status, category \nFROM fetched_content \nORDER BY id;"", ""source_file"": ""db-query-1767917341400.json"", ""row_index"": 9, ""legacy_table"": ""fetched_content"", ""row"": {""id"": ""10"", ""title"": ""اختبار timestamp"", ""status"": ""processing"", ""category"": ""historical""}}","supplemental select-row evidence extracted in KB08; may be sample/observed row, not necessarily full table dump"
knowledge_batch_08_observed_rows,db-query-1767917341400.json,fetched_content,11,049f74122d308a86,P1,staged,"{""payload_kind"": ""legacy_select_observed_row"", ""source_query"": ""SELECT id, title, status, category \nFROM fetched_content \nORDER BY id;"", ""source_file"": ""db-query-1767917341400.json"", ""row_index"": 10, ""legacy_table"": ""fetched_content"", ""row"": {""id"": ""11"", ""title"": ""اختبار المستخدم"", ""status"": ""processing"", ""category"": ""reference""}}","supplemental select-row evidence extracted in KB08; may be sample/observed row, not necessarily full table dump"
knowledge_batch_08_observed_rows,db-query-1767917341400.json,fetched_content,12,a62172bf02d0f1d9,P1,staged,"{""payload_kind"": ""legacy_select_observed_row"", ""source_query"": ""SELECT id, title, status, category \nFROM fetched_content \nORDER BY id;"", ""source_file"": ""db-query-1767917341400.json"", ""row_index"": 11, ""legacy_table"": ""fetched_content"", ""row"": {""id"": ""12"", ""title"": ""اختبار التصنيف"", ""status"": ""processing"", ""category"": ""law""}}","supplemental select-row evidence extracted in KB08; may be sample/observed row, not necessarily full table dump"
knowledge_batch_08_observed_rows,db-query-1767917341400.json,fetched_content,13,bf85b71a63e3b4c9,P1,staged,"{""payload_kind"": ""legacy_select_observed_row"", ""source_query"": ""SELECT id, title, status, category \nFROM fetched_content \nORDER BY id;"", ""source_file"": ""db-query-1767917341400.json"", ""row_index"": 12, ""legacy_table"": ""fetched_content"", ""row"": {""id"": ""13"", ""title"": ""اختبار التصنيف 2"", ""status"": ""processing"", ""category"": ""jurisprudence""}}","supplemental select-row evidence extracted in KB08; may be sample/observed row, not necessarily full table dump"
knowledge_batch_08_observed_rows,db-query-1767917341400.json,fetched_content,14,6b969c3e5de179c3,P1,staged,"{""payload_kind"": ""legacy_select_observed_row"", ""source_query"": ""SELECT id, title, status, category \nFROM fetched_content \nORDER BY id;"", ""source_file"": ""db-query-1767917341400.json"", ""row_index"": 13, ""legacy_table"": ""fetched_content"", ""row"": {""id"": ""14"", ""title"": ""اختبار التصنيف 3"", ""status"": ""processing"", ""category"": ""administrative""}}","supplemental select-row evidence extracted in KB08; may be sample/observed row, not necessarily full table dump"
knowledge_batch_08_observed_rows,db-query-1767917341400.json,fetched_content,15,016d2c71bfe8bd13,P1,staged,"{""payload_kind"": ""legacy_select_observed_row"", ""source_query"": ""SELECT id, title, status, category \nFROM fetched_content \nORDER BY id;"", ""source_file"": ""db-query-1767917341400.json"", ""row_index"": 14, ""legacy_table"": ""fetched_content"", ""row"": {""id"": ""15"", ""title"": ""اختبار timestamp"", ""status"": ""processing"", ""category"": ""historical""}}","supplemental select-row evidence extracted in KB08; may be sample/observed row, not necessarily full table dump"
knowledge_batch_08_observed_rows,db-query-1767917341400.json,fetched_content,16,795cc04756acbd3f,P1,staged,"{""payload_kind"": ""legacy_select_observed_row"", ""source_query"": ""SELECT id, title, status, category \nFROM fetched_content \nORDER BY id;"", ""source_file"": ""db-query-1767917341400.json"", ""row_index"": 15, ""legacy_table"": ""fetched_content"", ""row"": {""id"": ""16"", ""title"": ""اختبار المستخدم"", ""status"": ""processing"", ""category"": ""reference""}}","supplemental select-row evidence extracted in KB08; may be sample/observed row, not necessarily full table dump"
knowledge_batch_08_observed_rows,db-query-1767917341400.json,fetched_content,17,47c974b8fd39f407,P1,staged,"{""payload_kind"": ""legacy_select_observed_row"", ""source_query"": ""SELECT id, title, status, category \nFROM fetched_content \nORDER BY id;"", ""source_file"": ""db-query-1767917341400.json"", ""row_index"": 16, ""legacy_table"": ""fetched_content"", ""row"": {""id"": ""17"", ""title"": ""وقف (إسلام)"", ""status"": ""pending"", ""category"": ""law""}}","supplemental select-row evidence extracted in KB08; may be sample/observed row, not necessarily full table dump"
knowledge_batch_08_observed_rows,db-query-1767917341400.json,fetched_content,18,2fdaefb7e35cafc0,P1,staged,"{""payload_kind"": ""legacy_select_observed_row"", ""source_query"": ""SELECT id, title, status, category \nFROM fetched_content \nORDER BY id;"", ""source_file"": ""db-query-1767917341400.json"", ""row_index"": 17, ""legacy_table"": ""fetched_content"", ""row"": {""id"": ""18"", ""title"": ""المجلس الإسلامي الأعلى (فلسطين)"", ""status"": ""processing"", ""category"": ""historical""}}","supplemental select-row evidence extracted in KB08; may be sample/observed row, not necessarily full table dump"
knowledge_batch_08_observed_rows,db-query-1767917341400.json,fetched_content,19,9a1e5c1f8d817929,P1,staged,"{""payload_kind"": ""legacy_select_observed_row"", ""source_query"": ""SELECT id, title, status, category \nFROM fetched_content \nORDER BY id;"", ""source_file"": ""db-query-1767917341400.json"", ""row_index"": 18, ""legacy_table"": ""fetched_content"", ""row"": {""id"": ""19"", ""title"": ""الأوقاف في الدولة العثمانية"", ""status"": ""approved"", ""category"": ""historical""}}","supplemental select-row evidence extracted in KB08; may be sample/observed row, not necessarily full table dump"
knowledge_batch_08_observed_rows,db-query-1767917341400.json,fetched_content,20,504b9f57d0330b4f,P1,staged,"{""payload_kind"": ""legacy_select_observed_row"", ""source_query"": ""SELECT id, title, status, category \nFROM fetched_content \nORDER BY id;"", ""source_file"": ""db-query-1767917341400.json"", ""row_index"": 19, ""legacy_table"": ""fetched_content"", ""row"": {""id"": ""20"", ""title"": ""مجلة الأحكام العدلية"", ""status"": ""pending"", ""category"": ""law""}}","supplemental select-row evidence extracted in KB08; may be sample/observed row, not necessarily full table dump"
knowledge_batch_08_observed_rows,db-query-1767917341400.json,fetched_content,21,41cc35677901e552,P1,staged,"{""payload_kind"": ""legacy_select_observed_row"", ""source_query"": ""SELECT id, title, status, category \nFROM fetched_content \nORDER BY id;"", ""source_file"": ""db-query-1767917341400.json"", ""row_index"": 20, ""legacy_table"": ""fetched_content"", ""row"": {""id"": ""21"", ""title"": ""ناظر الوقف"", ""status"": ""pending"", ""category"": ""law""}}","supplemental select-row evidence extracted in KB08; may be sample/observed row, not necessarily full table dump"
knowledge_batch_08_observed_rows,db-query-1767917356953.json,knowledge_documents,300001,a602e9cc568a4f99,P1,staged,"{""payload_kind"": ""legacy_select_observed_row"", ""source_query"": ""SELECT id, title, category, source, createdAt \nFROM knowledge_documents \nORDER BY id DESC \nLIMIT 5;"", ""source_file"": ""db-query-1767917356953.json"", ""row_index"": 1, ""legacy_table"": ""knowledge_documents"", ""row"": {""id"": ""300001"", ""title"": ""الأوقاف في الدولة العثمانية"", ""category"": ""historical"", ""source"": ""NULL"", ""createdAt"": ""2026-01-09 00:08:31""}}","supplemental select-row evidence extracted in KB08; may be sample/observed row, not necessarily full table dump"
knowledge_batch_08_observed_rows,db-query-1767917356953.json,knowledge_documents,270004,1da793c8439b61df,P1,staged,"{""payload_kind"": ""legacy_select_observed_row"", ""source_query"": ""SELECT id, title, category, source, createdAt \nFROM knowledge_documents \nORDER BY id DESC \nLIMIT 5;"", ""source_file"": ""db-query-1767917356953.json"", ""row_index"": 2, ""legacy_table"": ""knowledge_documents"", ""row"": {""id"": ""270004"", ""title"": ""Minimal Test Document"", ""category"": ""reference"", ""source"": ""NULL"", ""createdAt"": ""2025-12-08 06:38:21""}}","supplemental select-row evidence extracted in KB08; may be sample/observed row, not necessarily full table dump"
knowledge_batch_08_observed_rows,db-query-1767917356953.json,knowledge_documents,270002,9b2832eefa6f86f4,P1,staged,"{""payload_kind"": ""legacy_select_observed_row"", ""source_query"": ""SELECT id, title, category, source, createdAt \nFROM knowledge_documents \nORDER BY id DESC \nLIMIT 5;"", ""source_file"": ""db-query-1767917356953.json"", ""row_index"": 3, ""legacy_table"": ""knowledge_documents"", ""row"": {""id"": ""270002"", ""title"": ""Minimal Test Document"", ""category"": ""reference"", ""source"": ""NULL"", ""createdAt"": ""2025-12-08 06:37:41""}}","supplemental select-row evidence extracted in KB08; may be sample/observed row, not necessarily full table dump"
knowledge_batch_08_observed_rows,db-query-1767917356953.json,knowledge_documents,240019,f955eebc480b25ca,P1,staged,"{""payload_kind"": ""legacy_select_observed_row"", ""source_query"": ""SELECT id, title, category, source, createdAt \nFROM knowledge_documents \nORDER BY id DESC \nLIMIT 5;"", ""source_file"": ""db-query-1767917356953.json"", ""row_index"": 4, ""legacy_table"": ""knowledge_documents"", ""row"": {""id"": ""240019"", ""title"": ""الإشراف المعاصر على العقارات الوقفية"", ""category"": ""administrative"", ""source"": ""https://www.palestinecabinet.gov.ps/portal/GovService/Details/129"", ""createdAt"": ""2025-12-08 06:19:38""}}","supplemental select-row evidence extracted in KB08; may be sample/observed row, not necessarily full table dump"
knowledge_batch_08_observed_rows,db-query-1767917356953.json,knowledge_documents,240018,9a677cef1d1e8266,P1,staged,"{""payload_kind"": ""legacy_select_observed_row"", ""source_query"": ""SELECT id, title, category, source, createdAt \nFROM knowledge_documents \nORDER BY id DESC \nLIMIT 5;"", ""source_file"": ""db-query-1767917356953.json"", ""row_index"": 5, ""legacy_table"": ""knowledge_documents"", ""row"": {""id"": ""240018"", ""title"": ""إدارة الأوقاف في عهد الانتداب البريطاني"", ""category"": ""historical"", ""source"": ""https://badil.org/publications/al-majdal/issues/items/409.html"", ""createdAt"": ""2025-12-08 06:19:38""}}","supplemental select-row evidence extracted in KB08; may be sample/observed row, not necessarily full table dump"
knowledge_batch_08_observed_rows,db-query-1767967445194.json,knowledge_documents,390018,180e2e219d52cce1,P1,staged,"{""payload_kind"": ""legacy_select_observed_row"", ""source_query"": ""SELECT id, title, category, source FROM knowledge_documents WHERE title LIKE '%العدل والإنصاف%' OR title LIKE '%المغني%' OR title LIKE '%الأم%' OR title LIKE '%المبسوط%' ORDER BY id DESC LIMIT 10"", ""source_file"": ""db-query-1767967445194.json"", ""row_index"": 1, ""legacy_table"": ""knowledge_documents"", ""row"": {""id"": ""390018"", ""title"": ""الوقف الإسلامي بين النظرية والتطبيق - حسن عبد الله الأمين - حسن عبد الله الأمين"", ""category"": ""jurisprudence"", ""source"": ""حسن عبد الله الأمين""}}","supplemental select-row evidence extracted in KB08; may be sample/observed row, not necessarily full table dump"
knowledge_batch_08_observed_rows,db-query-1767967445194.json,knowledge_documents,390005,84de36f7815ec72f,P1,staged,"{""payload_kind"": ""legacy_select_observed_row"", ""source_query"": ""SELECT id, title, category, source FROM knowledge_documents WHERE title LIKE '%العدل والإنصاف%' OR title LIKE '%المغني%' OR title LIKE '%الأم%' OR title LIKE '%المبسوط%' ORDER BY id DESC LIMIT 10"", ""source_file"": ""db-query-1767967445194.json"", ""row_index"": 2, ""legacy_table"": ""knowledge_documents"", ""row"": {""id"": ""390005"", ""title"": ""المبسوط - السرخسي - شمس الأئمة محمد بن أحمد السرخسي"", ""category"": ""jurisprudence"", ""source"": ""شمس الأئمة محمد بن أحمد السرخسي""}}","supplemental select-row evidence extracted in KB08; may be sample/observed row, not necessarily full table dump"
knowledge_batch_08_observed_rows,db-query-1767967445194.json,knowledge_documents,390004,6759d386421f1acc,P1,staged,"{""payload_kind"": ""legacy_select_observed_row"", ""source_query"": ""SELECT id, title, category, source FROM knowledge_documents WHERE title LIKE '%العدل والإنصاف%' OR title LIKE '%المغني%' OR title LIKE '%الأم%' OR title LIKE '%المبسوط%' ORDER BY id DESC LIMIT 10"", ""source_file"": ""db-query-1767967445194.json"", ""row_index"": 3, ""legacy_table"": ""knowledge_documents"", ""row"": {""id"": ""390004"", ""title"": ""الأم - الإمام الشافعي - محمد بن إدريس الشافعي"", ""category"": ""jurisprudence"", ""source"": ""محمد بن إدريس الشافعي""}}","supplemental select-row evidence extracted in KB08; may be sample/observed row, not necessarily full table dump"
knowledge_batch_08_observed_rows,db-query-1767967445194.json,knowledge_documents,390003,25e358d255d9efe0,P1,staged,"{""payload_kind"": ""legacy_select_observed_row"", ""source_query"": ""SELECT id, title, category, source FROM knowledge_documents WHERE title LIKE '%العدل والإنصاف%' OR title LIKE '%المغني%' OR title LIKE '%الأم%' OR title LIKE '%المبسوط%' ORDER BY id DESC LIMIT 10"", ""source_file"": ""db-query-1767967445194.json"", ""row_index"": 4, ""legacy_table"": ""knowledge_documents"", ""row"": {""id"": ""390003"", ""title"": ""المغني - ابن قدامة المقدسي - موفق الدين عبد الله بن أحمد بن قدامة المقدسي"", ""category"": ""jurisprudence"", ""source"": ""موفق الدين عبد الله بن أحمد بن قدامة المقدسي""}}","supplemental select-row evidence extracted in KB08; may be sample/observed row, not necessarily full table dump"
knowledge_batch_08_observed_rows,db-query-1767967445194.json,knowledge_documents,390002,952775a59ba1533a,P1,staged,"{""payload_kind"": ""legacy_select_observed_row"", ""source_query"": ""SELECT id, title, category, source FROM knowledge_documents WHERE title LIKE '%العدل والإنصاف%' OR title LIKE '%المغني%' OR title LIKE '%الأم%' OR title LIKE '%المبسوط%' ORDER BY id DESC LIMIT 10"", ""source_file"": ""db-query-1767967445194.json"", ""row_index"": 5, ""legacy_table"": ""knowledge_documents"", ""row"": {""id"": ""390002"", ""title"": ""قانون العدل والإنصاف للقضاء على مشكلات الأوقاف - محمد قدري باشا"", ""category"": ""law"", ""source"": ""محمد قدري باشا""}}","supplemental select-row evidence extracted in KB08; may be sample/observed row, not necessarily full table dump"
knowledge_batch_08_observed_rows,db-query-1767967445194.json,knowledge_documents,390001,32de78e5fec378e5,P1,staged,"{""payload_kind"": ""legacy_select_observed_row"", ""source_query"": ""SELECT id, title, category, source FROM knowledge_documents WHERE title LIKE '%العدل والإنصاف%' OR title LIKE '%المغني%' OR title LIKE '%الأم%' OR title LIKE '%المبسوط%' ORDER BY id DESC LIMIT 10"", ""source_file"": ""db-query-1767967445194.json"", ""row_index"": 6, ""legacy_table"": ""knowledge_documents"", ""row"": {""id"": ""390001"", ""title"": ""العدل والإنصاف في معرفة أصول الفقه والاختلاف - أبو يعقوب يوسف بن إبراهيم الوارجلاني"", ""category"": ""jurisprudence"", ""source"": ""أبو يعقوب يوسف بن إبراهيم الوارجلاني""}}","supplemental select-row evidence extracted in KB08; may be sample/observed row, not necessarily full table dump"
knowledge_batch_08_observed_rows,db-query-1767967445194.json,knowledge_documents,330055,f2ba7302e94a605e,P1,staged,"{""payload_kind"": ""legacy_select_observed_row"", ""source_query"": ""SELECT id, title, category, source FROM knowledge_documents WHERE title LIKE '%العدل والإنصاف%' OR title LIKE '%المغني%' OR title LIKE '%الأم%' OR title LIKE '%المبسوط%' ORDER BY id DESC LIMIT 10"", ""source_file"": ""db-query-1767967445194.json"", ""row_index"": 7, ""legacy_table"": ""knowledge_documents"", ""row"": {""id"": ""330055"", ""title"": ""المبسوط للسرخسي - كتاب الوقف"", ""category"": ""jurisprudence"", ""source"": ""https://shamela.ws/book/5423/2508""}}","supplemental select-row evidence extracted in KB08; may be sample/observed row, not necessarily full table dump"
knowledge_batch_08_observed_rows,db-query-1767967445194.json,knowledge_documents,330004,09dddf32ae6aa032,P1,staged,"{""payload_kind"": ""legacy_select_observed_row"", ""source_query"": ""SELECT id, title, category, source FROM knowledge_documents WHERE title LIKE '%العدل والإنصاف%' OR title LIKE '%المغني%' OR title LIKE '%الأم%' OR title LIKE '%المبسوط%' ORDER BY id DESC LIMIT 10"", ""source_file"": ""db-query-1767967445194.json"", ""row_index"": 8, ""legacy_table"": ""knowledge_documents"", ""row"": {""id"": ""330004"", ""title"": ""قانون الأراضي العثماني - المادة 12: وقف الأراضي الأميرية"", ""category"": ""law"", ""source"": ""قانون الأراضي العثماني 1858""}}","supplemental select-row evidence extracted in KB08; may be sample/observed row, not necessarily full table dump"
knowledge_batch_08_observed_rows,db-query-1767967445194.json,knowledge_documents,330003,d82a9e5cd85e5890,P1,staged,"{""payload_kind"": ""legacy_select_observed_row"", ""source_query"": ""SELECT id, title, category, source FROM knowledge_documents WHERE title LIKE '%العدل والإنصاف%' OR title LIKE '%المغني%' OR title LIKE '%الأم%' OR title LIKE '%المبسوط%' ORDER BY id DESC LIMIT 10"", ""source_file"": ""db-query-1767967445194.json"", ""row_index"": 9, ""legacy_table"": ""knowledge_documents"", ""row"": {""id"": ""330003"", ""title"": ""قانون الأراضي العثماني - المادة 3: الأراضي الأميرية"", ""category"": ""law"", ""source"": ""قانون الأراضي العثماني 1858""}}","supplemental select-row evidence extracted in KB08; may be sample/observed row, not necessarily full table dump"
knowledge_batch_08_observed_rows,db-query-1767967445194.json,knowledge_documents,240004,b38a89fa92d2c309,P1,staged,"{""payload_kind"": ""legacy_select_observed_row"", ""source_query"": ""SELECT id, title, category, source FROM knowledge_documents WHERE title LIKE '%العدل والإنصاف%' OR title LIKE '%المغني%' OR title LIKE '%الأم%' OR title LIKE '%المبسوط%' ORDER BY id DESC LIMIT 10"", ""source_file"": ""db-query-1767967445194.json"", ""row_index"": 10, ""legacy_table"": ""knowledge_documents"", ""row"": {""id"": ""240004"", ""title"": ""المبسوط للسرخسي - كتاب الوقف"", ""category"": ""jurisprudence"", ""source"": ""https://shamela.ws/book/5423/2508""}}","supplemental select-row evidence extracted in KB08; may be sample/observed row, not necessarily full table dump"
knowledge_batch_08_observed_rows,db-query-1767972509854.json,knowledge_documents,390044,b02d787a4abf333d,P1,staged,"{""payload_kind"": ""legacy_select_observed_row"", ""source_query"": ""\nSELECT \n  id,\n  title,\n  category,\n  source,\n  LEFT(content, 100) as content_preview,\n  createdAt\nFROM knowledge_documents\nWHERE title LIKE '%خاصكي%' \n   OR title LIKE '%خليل%' \n   OR title LIKE '%أمين%'\n   OR title LIKE '%Ottoman%'\nORDER BY createdAt DESC\nLIMIT 15;\n"", ""source_file"": ""db-query-1767972509854.json"", ""row_index"": 1, ""legacy_table"": ""knowledge_documents"", ""row"": {""id"": ""390044"", ""title"": ""Consequences of the Ottoman land law: Agrarian and privatization processes in Palestine, 1858–1918"", ""category"": ""reference"", ""source"": ""Springer"", ""content_preview"": ""## Consequences of the Ottoman land law: Agrarian and privatization processes in Palestine, 1858–191"", ""createdAt"": ""2026-01-09 15:28:22""}}","supplemental select-row evidence extracted in KB08; may be sample/observed row, not necessarily full table dump"
knowledge_batch_08_observed_rows,db-query-1767972509854.json,knowledge_documents,390025,58cebe5ef79d47f3,P1,staged,"{""payload_kind"": ""legacy_select_observed_row"", ""source_query"": ""\nSELECT \n  id,\n  title,\n  category,\n  source,\n  LEFT(content, 100) as content_preview,\n  createdAt\nFROM knowledge_documents\nWHERE title LIKE '%خاصكي%' \n   OR title LIKE '%خليل%' \n   OR title LIKE '%أمين%'\n   OR title LIKE '%Ottoman%'\nORDER BY createdAt DESC\nLIMIT 15;\n"", ""source_file"": ""db-query-1767972509854.json"", ""row_index"": 2, ""legacy_table"": ""knowledge_documents"", ""row"": {""id"": ""390025"", ""title"": ""الوقف كأداة لزيادة القوة السياسية وتعزيزها: نموذج وقف خاصكي سلطان في العهد العثماني خلال أواخر القرن الثامن عشر"", ""category"": ""reference"", ""source"": ""مركز الملك فيصل للبحوث والدراسات الإسلامية، الرياض"", ""content_preview"": ""## الوقف كأداة لزيادة القوة السياسية وتعزيزها: نموذج وقف خاصكي سلطان في العهد العثماني خلال أواخر ال"", ""createdAt"": ""2026-01-09 15:28:21""}}","supplemental select-row evidence extracted in KB08; may be sample/observed row, not necessarily full table dump"
knowledge_batch_08_observed_rows,db-query-1767972509854.json,knowledge_documents,390026,29991243b650358f,P1,staged,"{""payload_kind"": ""legacy_select_observed_row"", ""source_query"": ""\nSELECT \n  id,\n  title,\n  category,\n  source,\n  LEFT(content, 100) as content_preview,\n  createdAt\nFROM knowledge_documents\nWHERE title LIKE '%خاصكي%' \n   OR title LIKE '%خليل%' \n   OR title LIKE '%أمين%'\n   OR title LIKE '%Ottoman%'\nORDER BY createdAt DESC\nLIMIT 15;\n"", ""source_file"": ""db-query-1767972509854.json"", ""row_index"": 3, ""legacy_table"": ""knowledge_documents"", ""row"": {""id"": ""390026"", ""title"": ""Mamluk and Ottoman Endowment Deeds as a Source for Geographical-Historical Research: The Waqfiyya of Haseki Sultan (1552 CE)"", ""category"": ""reference"", ""source"": ""eScholarship, University of California"", ""content_preview"": ""## Mamluk and Ottoman Endowment Deeds as a Source for Geographical-Historical Research: The Waqfiyya"", ""createdAt"": ""2026-01-09 15:28:21""}}","supplemental select-row evidence extracted in KB08; may be sample/observed row, not necessarily full table dump"
knowledge_batch_08_observed_rows,db-query-1767972509854.json,knowledge_documents,330033,d66caaf8d698e754,P1,staged,"{""payload_kind"": ""legacy_select_observed_row"", ""source_query"": ""\nSELECT \n  id,\n  title,\n  category,\n  source,\n  LEFT(content, 100) as content_preview,\n  createdAt\nFROM knowledge_documents\nWHERE title LIKE '%خاصكي%' \n   OR title LIKE '%خليل%' \n   OR title LIKE '%أمين%'\n   OR title LIKE '%Ottoman%'\nORDER BY createdAt DESC\nLIMIT 15;\n"", ""source_file"": ""db-query-1767972509854.json"", ""row_index"": 4, ""legacy_table"": ""knowledge_documents"", ""row"": {""id"": ""330033"", ""title"": ""الحاج أمين الحسيني - رئيس المجلس الإسلامي"", ""category"": ""historical"", ""source"": ""سيرة الحاج أمين الحسيني"", ""content_preview"": ""ترأس الحاج أمين الحسيني المجلس الإسلامي الأعلى وعمل على تطوير الأوقاف وترميم المسجد الأقصى."", ""createdAt"": ""2026-01-09 00:50:52""}}","supplemental select-row evidence extracted in KB08; may be sample/observed row, not necessarily full table dump"
knowledge_batch_08_observed_rows,db-query-1767972509854.json,knowledge_documents,120025,aa61eae6d900d24b,P1,staged,"{""payload_kind"": ""legacy_select_observed_row"", ""source_query"": ""\nSELECT \n  id,\n  title,\n  category,\n  source,\n  LEFT(content, 100) as content_preview,\n  createdAt\nFROM knowledge_documents\nWHERE title LIKE '%خاصكي%' \n   OR title LIKE '%خليل%' \n   OR title LIKE '%أمين%'\n   OR title LIKE '%Ottoman%'\nORDER BY createdAt DESC\nLIMIT 15;\n"", ""source_file"": ""db-query-1767972509854.json"", ""row_index"": 5, ""legacy_table"": ""knowledge_documents"", ""row"": {""id"": ""120025"", ""title"": ""الحاج أمين الحسيني - رئيس المجلس الإسلامي"", ""category"": ""historical"", ""source"": ""سيرة الحاج أمين الحسيني"", ""content_preview"": ""ترأس الحاج أمين الحسيني المجلس الإسلامي الأعلى وعمل على تطوير الأوقاف وترميم المسجد الأقصى."", ""createdAt"": ""2025-12-04 13:37:35""}}","supplemental select-row evidence extracted in KB08; may be sample/observed row, not necessarily full table dump"
knowledge_batch_08_observed_rows,db-query-1772747591146.json,knowledge_sources,1,56e117e33d85ff2a,P1,staged,"{""payload_kind"": ""legacy_select_observed_row"", ""source_query"": ""SELECT id, name, type, is_active, config FROM knowledge_sources LIMIT 20;"", ""source_file"": ""db-query-1772747591146.json"", ""row_index"": 1, ""legacy_table"": ""knowledge_sources"", ""row"": {""id"": ""1"", ""name"": ""مصدر اختباري"", ""type"": ""api"", ""is_active"": ""1"", ""config"": ""NULL""}}","supplemental select-row evidence extracted in KB08; may be sample/observed row, not necessarily full table dump"
knowledge_batch_08_observed_rows,db-query-1772747591146.json,knowledge_sources,2,28b7ddbc0588b644,P1,staged,"{""payload_kind"": ""legacy_select_observed_row"", ""source_query"": ""SELECT id, name, type, is_active, config FROM knowledge_sources LIMIT 20;"", ""source_file"": ""db-query-1772747591146.json"", ""row_index"": 2, ""legacy_table"": ""knowledge_sources"", ""row"": {""id"": ""2"", ""name"": ""مصدر اختباري"", ""type"": ""api"", ""is_active"": ""1"", ""config"": ""NULL""}}","supplemental select-row evidence extracted in KB08; may be sample/observed row, not necessarily full table dump"
knowledge_batch_08_observed_rows,db-query-1772747591146.json,knowledge_sources,3,99917b735000fbba,P1,staged,"{""payload_kind"": ""legacy_select_observed_row"", ""source_query"": ""SELECT id, name, type, is_active, config FROM knowledge_sources LIMIT 20;"", ""source_file"": ""db-query-1772747591146.json"", ""row_index"": 3, ""legacy_table"": ""knowledge_sources"", ""row"": {""id"": ""3"", ""name"": ""مصدر اختباري"", ""type"": ""api"", ""is_active"": ""1"", ""config"": ""NULL""}}","supplemental select-row evidence extracted in KB08; may be sample/observed row, not necessarily full table dump"
knowledge_batch_08_observed_rows,db-query-1772747591146.json,knowledge_sources,4,3251f4268a1a15fd,P1,staged,"{""payload_kind"": ""legacy_select_observed_row"", ""source_query"": ""SELECT id, name, type, is_active, config FROM knowledge_sources LIMIT 20;"", ""source_file"": ""db-query-1772747591146.json"", ""row_index"": 4, ""legacy_table"": ""knowledge_sources"", ""row"": {""id"": ""4"", ""name"": ""ويكيبيديا العربية"", ""type"": ""wikipedia"", ""is_active"": ""1"", ""config"": ""{\""api\"":\""https://ar.wikipedia.org/w/api.php\""}""}}","supplemental select-row evidence extracted in KB08; may be sample/observed row, not necessarily full table dump"
knowledge_batch_08_observed_rows,db-query-1772747591146.json,knowledge_sources,60001,f6a73669753b085a,P1,staged,"{""payload_kind"": ""legacy_select_observed_row"", ""source_query"": ""SELECT id, name, type, is_active, config FROM knowledge_sources LIMIT 20;"", ""source_file"": ""db-query-1772747591146.json"", ""row_index"": 5, ""legacy_table"": ""knowledge_sources"", ""row"": {""id"": ""60001"", ""name"": ""Stats Test Wikipedia"", ""type"": ""wikipedia"", ""is_active"": ""1"", ""config"": ""NULL""}}","supplemental select-row evidence extracted in KB08; may be sample/observed row, not necessarily full table dump"
knowledge_batch_08_observed_rows,db-query-1772747591146.json,knowledge_sources,60002,bde97dbc7195d98f,P1,staged,"{""payload_kind"": ""legacy_select_observed_row"", ""source_query"": ""SELECT id, name, type, is_active, config FROM knowledge_sources LIMIT 20;"", ""source_file"": ""db-query-1772747591146.json"", ""row_index"": 6, ""legacy_table"": ""knowledge_sources"", ""row"": {""id"": ""60002"", ""name"": ""Stats Test RSS"", ""type"": ""rss"", ""is_active"": ""1"", ""config"": ""NULL""}}","supplemental select-row evidence extracted in KB08; may be sample/observed row, not necessarily full table dump"
knowledge_batch_08_observed_rows,db-query-1772747591146.json,knowledge_sources,60003,47c92c085a4bea45,P1,staged,"{""payload_kind"": ""legacy_select_observed_row"", ""source_query"": ""SELECT id, name, type, is_active, config FROM knowledge_sources LIMIT 20;"", ""source_file"": ""db-query-1772747591146.json"", ""row_index"": 7, ""legacy_table"": ""knowledge_sources"", ""row"": {""id"": ""60003"", ""name"": ""Stats Test API"", ""type"": ""api"", ""is_active"": ""1"", ""config"": ""NULL""}}","supplemental select-row evidence extracted in KB08; may be sample/observed row, not necessarily full table dump"
knowledge_batch_08_observed_rows,db-query-1772747591146.json,knowledge_sources,90001,d1c73e10ebcca0bf,P1,staged,"{""payload_kind"": ""legacy_select_observed_row"", ""source_query"": ""SELECT id, name, type, is_active, config FROM knowledge_sources LIMIT 20;"", ""source_file"": ""db-query-1772747591146.json"", ""row_index"": 8, ""legacy_table"": ""knowledge_sources"", ""row"": {""id"": ""90001"", ""name"": ""Pilot Scraper"", ""type"": ""scraper"", ""is_active"": ""1"", ""config"": ""{\""allowedDomains\"": [\""example.com\""], \""respectRobots\"": true, \""rateLimitMs\"": 1000, \""maxPages\"": 1, \""urls\"": [\""https://example.com/\""]}""}}","supplemental select-row evidence extracted in KB08; may be sample/observed row, not necessarily full table dump"
knowledge_batch_08_observed_rows,db-query-1772747596431.json,knowledge_sources,1,56e117e33d85ff2a,P1,staged,"{""payload_kind"": ""legacy_select_observed_row"", ""source_query"": ""SELECT id, name, type, is_active, config FROM knowledge_sources;"", ""source_file"": ""db-query-1772747596431.json"", ""row_index"": 1, ""legacy_table"": ""knowledge_sources"", ""row"": {""id"": ""1"", ""name"": ""مصدر اختباري"", ""type"": ""api"", ""is_active"": ""1"", ""config"": ""NULL""}}","supplemental select-row evidence extracted in KB08; may be sample/observed row, not necessarily full table dump"
knowledge_batch_08_observed_rows,db-query-1772747596431.json,knowledge_sources,2,28b7ddbc0588b644,P1,staged,"{""payload_kind"": ""legacy_select_observed_row"", ""source_query"": ""SELECT id, name, type, is_active, config FROM knowledge_sources;"", ""source_file"": ""db-query-1772747596431.json"", ""row_index"": 2, ""legacy_table"": ""knowledge_sources"", ""row"": {""id"": ""2"", ""name"": ""مصدر اختباري"", ""type"": ""api"", ""is_active"": ""1"", ""config"": ""NULL""}}","supplemental select-row evidence extracted in KB08; may be sample/observed row, not necessarily full table dump"
knowledge_batch_08_observed_rows,db-query-1772747596431.json,knowledge_sources,3,99917b735000fbba,P1,staged,"{""payload_kind"": ""legacy_select_observed_row"", ""source_query"": ""SELECT id, name, type, is_active, config FROM knowledge_sources;"", ""source_file"": ""db-query-1772747596431.json"", ""row_index"": 3, ""legacy_table"": ""knowledge_sources"", ""row"": {""id"": ""3"", ""name"": ""مصدر اختباري"", ""type"": ""api"", ""is_active"": ""1"", ""config"": ""NULL""}}","supplemental select-row evidence extracted in KB08; may be sample/observed row, not necessarily full table dump"
knowledge_batch_08_observed_rows,db-query-1772747596431.json,knowledge_sources,4,3251f4268a1a15fd,P1,staged,"{""payload_kind"": ""legacy_select_observed_row"", ""source_query"": ""SELECT id, name, type, is_active, config FROM knowledge_sources;"", ""source_file"": ""db-query-1772747596431.json"", ""row_index"": 4, ""legacy_table"": ""knowledge_sources"", ""row"": {""id"": ""4"", ""name"": ""ويكيبيديا العربية"", ""type"": ""wikipedia"", ""is_active"": ""1"", ""config"": ""{\""api\"":\""https://ar.wikipedia.org/w/api.php\""}""}}","supplemental select-row evidence extracted in KB08; may be sample/observed row, not necessarily full table dump"
knowledge_batch_08_observed_rows,db-query-1772747596431.json,knowledge_sources,60001,f6a73669753b085a,P1,staged,"{""payload_kind"": ""legacy_select_observed_row"", ""source_query"": ""SELECT id, name, type, is_active, config FROM knowledge_sources;"", ""source_file"": ""db-query-1772747596431.json"", ""row_index"": 5, ""legacy_table"": ""knowledge_sources"", ""row"": {""id"": ""60001"", ""name"": ""Stats Test Wikipedia"", ""type"": ""wikipedia"", ""is_active"": ""1"", ""config"": ""NULL""}}","supplemental select-row evidence extracted in KB08; may be sample/observed row, not necessarily full table dump"
knowledge_batch_08_observed_rows,db-query-1772747596431.json,knowledge_sources,60002,bde97dbc7195d98f,P1,staged,"{""payload_kind"": ""legacy_select_observed_row"", ""source_query"": ""SELECT id, name, type, is_active, config FROM knowledge_sources;"", ""source_file"": ""db-query-1772747596431.json"", ""row_index"": 6, ""legacy_table"": ""knowledge_sources"", ""row"": {""id"": ""60002"", ""name"": ""Stats Test RSS"", ""type"": ""rss"", ""is_active"": ""1"", ""config"": ""NULL""}}","supplemental select-row evidence extracted in KB08; may be sample/observed row, not necessarily full table dump"
knowledge_batch_08_observed_rows,db-query-1772747596431.json,knowledge_sources,60003,47c92c085a4bea45,P1,staged,"{""payload_kind"": ""legacy_select_observed_row"", ""source_query"": ""SELECT id, name, type, is_active, config FROM knowledge_sources;"", ""source_file"": ""db-query-1772747596431.json"", ""row_index"": 7, ""legacy_table"": ""knowledge_sources"", ""row"": {""id"": ""60003"", ""name"": ""Stats Test API"", ""type"": ""api"", ""is_active"": ""1"", ""config"": ""NULL""}}","supplemental select-row evidence extracted in KB08; may be sample/observed row, not necessarily full table dump"
knowledge_batch_08_observed_rows,db-query-1772747596431.json,knowledge_sources,90001,d1c73e10ebcca0bf,P1,staged,"{""payload_kind"": ""legacy_select_observed_row"", ""source_query"": ""SELECT id, name, type, is_active, config FROM knowledge_sources;"", ""source_file"": ""db-query-1772747596431.json"", ""row_index"": 8, ""legacy_table"": ""knowledge_sources"", ""row"": {""id"": ""90001"", ""name"": ""Pilot Scraper"", ""type"": ""scraper"", ""is_active"": ""1"", ""config"": ""{\""allowedDomains\"": [\""example.com\""], \""respectRobots\"": true, \""rateLimitMs\"": 1000, \""maxPages\"": 1, \""urls\"": [\""https://example.com/\""]}""}}","supplemental select-row evidence extracted in KB08; may be sample/observed row, not necessarily full table dump"
knowledge_batch_08_observed_rows,db-query-1772748249783.json,fetch_logs,120002,27cc50e68c04f29b,P1,staged,"{""payload_kind"": ""legacy_select_observed_row"", ""source_query"": ""SELECT id, source_id, status, items_fetched, errors, started_at, completed_at FROM fetch_logs ORDER BY started_at DESC LIMIT 10;"", ""source_file"": ""db-query-1772748249783.json"", ""row_index"": 1, ""legacy_table"": ""fetch_logs"", ""row"": {""id"": ""120002"", ""source_id"": ""60002"", ""status"": ""success"", ""items_fetched"": ""0"", ""errors"": """", ""started_at"": ""2026-02-24 21:16:53"", ""completed_at"": ""2026-02-24 21:16:54""}}","supplemental select-row evidence extracted in KB08; may be sample/observed row, not necessarily full table dump"
knowledge_batch_08_observed_rows,db-query-1772748249783.json,fetch_logs,120003,efc0c3cf3acff4b1,P1,staged,"{""payload_kind"": ""legacy_select_observed_row"", ""source_query"": ""SELECT id, source_id, status, items_fetched, errors, started_at, completed_at FROM fetch_logs ORDER BY started_at DESC LIMIT 10;"", ""source_file"": ""db-query-1772748249783.json"", ""row_index"": 2, ""legacy_table"": ""fetch_logs"", ""row"": {""id"": ""120003"", ""source_id"": ""4"", ""status"": ""success"", ""items_fetched"": ""4"", ""errors"": """", ""started_at"": ""2026-02-24 21:16:53"", ""completed_at"": ""2026-02-24 21:16:58""}}","supplemental select-row evidence extracted in KB08; may be sample/observed row, not necessarily full table dump"
knowledge_batch_08_observed_rows,db-query-1772748249783.json,fetch_logs,120001,a034b1f37e4e5aec,P1,staged,"{""payload_kind"": ""legacy_select_observed_row"", ""source_query"": ""SELECT id, source_id, status, items_fetched, errors, started_at, completed_at FROM fetch_logs ORDER BY started_at DESC LIMIT 10;"", ""source_file"": ""db-query-1772748249783.json"", ""row_index"": 3, ""legacy_table"": ""fetch_logs"", ""row"": {""id"": ""120001"", ""source_id"": ""60001"", ""status"": ""success"", ""items_fetched"": ""4"", ""errors"": """", ""started_at"": ""2026-02-24 21:16:47"", ""completed_at"": ""2026-02-24 21:16:54""}}","supplemental select-row evidence extracted in KB08; may be sample/observed row, not necessarily full table dump"
knowledge_batch_08_observed_rows,db-query-1772748249783.json,fetch_logs,60001,964cd4f28903e575,P1,staged,"{""payload_kind"": ""legacy_select_observed_row"", ""source_query"": ""SELECT id, source_id, status, items_fetched, errors, started_at, completed_at FROM fetch_logs ORDER BY started_at DESC LIMIT 10;"", ""source_file"": ""db-query-1772748249783.json"", ""row_index"": 4, ""legacy_table"": ""fetch_logs"", ""row"": {""id"": ""60001"", ""source_id"": ""60001"", ""status"": ""success"", ""items_fetched"": ""5"", ""errors"": """", ""started_at"": ""2026-01-16 22:00:56"", ""completed_at"": ""2026-01-16 17:01:03""}}","supplemental select-row evidence extracted in KB08; may be sample/observed row, not necessarily full table dump"
knowledge_batch_08_observed_rows,db-query-1772748249783.json,fetch_logs,30001,bd9761a7ef0d2390,P1,staged,"{""payload_kind"": ""legacy_select_observed_row"", ""source_query"": ""SELECT id, source_id, status, items_fetched, errors, started_at, completed_at FROM fetch_logs ORDER BY started_at DESC LIMIT 10;"", ""source_file"": ""db-query-1772748249783.json"", ""row_index"": 5, ""legacy_table"": ""fetch_logs"", ""row"": {""id"": ""30001"", ""source_id"": ""4"", ""status"": ""running"", ""items_fetched"": ""0"", ""errors"": ""NULL"", ""started_at"": ""2026-01-13 21:45:56"", ""completed_at"": ""NULL""}}","supplemental select-row evidence extracted in KB08; may be sample/observed row, not necessarily full table dump"
knowledge_batch_08_observed_rows,db-query-1772748249783.json,fetch_logs,1,a623e04e1c436bc7,P1,staged,"{""payload_kind"": ""legacy_select_observed_row"", ""source_query"": ""SELECT id, source_id, status, items_fetched, errors, started_at, completed_at FROM fetch_logs ORDER BY started_at DESC LIMIT 10;"", ""source_file"": ""db-query-1772748249783.json"", ""row_index"": 6, ""legacy_table"": ""fetch_logs"", ""row"": {""id"": ""1"", ""source_id"": ""4"", ""status"": ""success"", ""items_fetched"": ""5"", ""errors"": ""NULL"", ""started_at"": ""2026-01-09 00:05:23"", ""completed_at"": ""2026-01-09 00:05:23""}}","supplemental select-row evidence extracted in KB08; may be sample/observed row, not necessarily full table dump"
